Business Name,Contact Person,Email,Phone,Website,Years of Experience,Pricing Range,Business Description,Service Areas,Materials,Delivery Capability,,,
UltraTech Cement Limited,K. C. Jhanwar (Managing Director) / Vivek Agrawal (Whole-time Director & CMO),csutcl@adityabirla.com,+91 22 6691 7800 / 1800 210 3311 (Toll-Free),https://www.ultratechcement.com,40+ Years (Est. 1983),"₹370 - ₹440 per 50kg bag (Retail/Wholesale) / ₹6,800 - ₹7,800 per MT (Bulk)","UltraTech Cement Limited, the flagship cement company of the Aditya Birla Group, is India's largest manufacturer of grey cement, ready-mix concrete (RMC), and white cement. With an installed manufacturing capacity exceeding 150 MTPA across more than 24 integrated plants, it stands as the 3rd largest cement producer in the world outside China.","Pan-India (All 28 States and 8 Union Territories across North, South, East, West, and Central India)","Ordinary Portland Cement (OPC 53, OPC 43), Portland Pozzolana Cement (PPC), Portland Slag Cement (PSC), Composite Cement (PCC), Super Duraguard, Weather Pro, Birla White (White Cement & Wall Care Putty), Ready Mix Concrete (RMC), Microfine Cement","Nationwide multi-modal logistics with 100+ grinding units and bulk terminals, dedicated pneumatic bulk carrier fleet, private railway sidings with automated rake loading, 24-48 hr standard delivery SLA, minimum order quantity 15 MT (bagged road transport) / 25-30 MT (bulk tankers) / full rake for rail sidings.",,,
Ambuja Cements Limited,Ajay Kapur (Whole-time Director & CEO) / Manish Mistry (Company Secretary),consumer.care@adani.com,1800 223 010 (Toll-Free) / +91 79 2656 5555,https://www.ambujacement.com,40+ Years (Est. 1983),"₹360 - ₹430 per 50kg bag (Retail/Wholesale) / ₹6,600 - ₹7,600 per MT (Bulk)","Ambuja Cements Limited, a flagship entity under the Adani Portfolio, is one of India's leading cement and building materials producers with over 31 MTPA standalone and over 75 MTPA consolidated capacity. Renowned for sustainable manufacturing and proprietary coastal shipping terminals, Ambuja provides specialized strength and water-resistant cement solutions across India.","Pan-India (Extensive presence across North, West, East, and Central India including Gujarat, Maharashtra, Rajasthan, Punjab, Himachal Pradesh, UP, Bihar, and West Bengal)","Ambuja Cement (PPC), Ambuja Plus, Ambuja Kawach (water-repellent cement), Ambuja Compocem (Composite Cement), Ambuja Cool Walls, Ordinary Portland Cement (OPC 43, OPC 53), Microfine Cement","Integrated coastal shipping terminals on the West Coast, dedicated rail sidings at major mother plants, extensive network of road bulkers and authorized dealers, 24-48 hr lead time across serviced clusters, minimum order quantity 10-15 MT (bagged) / 25 MT (bulk).",,,
ACC Limited,Ajay Kapur (Director & CEO) / Hitesh Marthak (Company Secretary),acc-investorsupport@adani.com,1800 103 3444 (Toll-Free) / +91 22 4159 3321,https://www.acclimited.com,90+ Years (Est. 1936),"₹350 - ₹425 per 50kg bag (Retail/Wholesale) / ₹6,500 - ₹7,500 per MT (Bulk)","ACC Limited (a subsidiary of Ambuja Cements under Adani Group) is one of India's oldest and most prestigious cement and concrete manufacturers with 17+ modern manufacturing units and over 38 MTPA installed capacity. It operates an expansive network of over 90 ready-mixed concrete plants, delivering high-performance building materials for national infrastructure.","Pan-India (Comprehensive distribution network spanning Northern, Eastern, Western, Central, and Southern India)","ACC Suraksha Power, ACC Concrete+ Extra Strong, ACC Gold Water Shield, ACC F2R (Foundation to Roof), Ordinary Portland Cement (OPC 43, OPC 53), Portland Slag Cement (PSC), Portland Pozzolana Cement (PPC), Ready-Mixed Concrete (RMC)","Direct railway rake loading sidings at manufacturing plants, fleet of GPS-tracked road transport bulkers, localized dispatch hubs ensuring 24-36 hr turnaround, minimum order quantity 10 MT (retail bulk delivery) to 1 rake load (institutional railway supply).",,,
Shree Cement Limited,Neeraj Akhoury (Managing Director) / S. S. Khandelwal (Company Secretary),shreebwr@shreecement.com,+91 1462 228101 / 1800 180 6005 (Toll-Free),https://www.shreecement.com,45+ Years (Est. 1979),"₹340 - ₹415 per 50kg bag (Retail/Wholesale) / ₹6,300 - ₹7,300 per MT (Bulk)","Shree Cement Limited is one of India's top three cement manufacturing groups, operating flagship brands like Bangur Cement, Shree Jung Rodhak, and Rockstrong with an aggregate capacity exceeding 50 MTPA. It is globally recognized as one of the lowest-cost and most energy-efficient cement producers with major plants across North, East, and South India.","North, East, Central, and Southern India (Rajasthan, Haryana, Punjab, Uttar Pradesh, Uttarakhand, Bihar, Jharkhand, West Bengal, Odisha, Chhattisgarh, Karnataka, Andhra Pradesh)","Shree Jung Rodhak Cement, Bangur Cement, Bangur Power Cement, Rockstrong Cement, OPC 43, OPC 53, Portland Pozzolana Cement (PPC), Portland Slag Cement (PSC), Ready Mix Concrete","Advanced captive railway sidings connected to Indian Railways network, large fleet of pneumatic road bulkers, 24-48 hr standard delivery schedule from regional grinding units, minimum order quantity 15 MT for truckloads / full rake for rail sidings.",,,
Dalmia Bharat Limited,Puneet Dalmia (Managing Director & CEO) / Rajeev Kumar (Company Secretary),customercare@dalmiacement.com,1800 2020 (Toll-Free) / +91 11 2346 5100,https://www.dalmiacement.com,85+ Years (Est. 1939),"₹360 - ₹435 per 50kg bag (Retail/Wholesale) / ₹6,700 - ₹7,700 per MT (Bulk)","Dalmia Bharat Limited is a pioneer in Indian cement manufacturing with an installed production capacity of over 45 MTPA across 15+ plants in Eastern, Southern, Western, and North-Eastern India. A recognized global leader in low-carbon cement production, Dalmia is renowned for specialized super-speciality cements used in airstrips, oil wells, and railway sleepers.","East, South, West, and North-East India (Tamil Nadu, Andhra Pradesh, Karnataka, Kerala, Odisha, West Bengal, Bihar, Jharkhand, Assam, Meghalaya, Maharashtra)","Dalmia DSP Cement, Dalmia Infra Pro, Dalmia Supreme, OPC 43, OPC 53, Portland Pozzolana Cement (PPC), Portland Slag Cement (PSC), Composite Cement, Sulphate Resistant Cement (SRC), Oil Well Cement, Railway Sleeper Cement","Mechanized automated rake loading stations, robust bulk tanker logistics for large infrastructure projects, 24-48 hr lead times from plant/depot, minimum order 15 MT (road transport) and 1,200+ MT (train rakes).",,,
JK Cement Limited,Madhavkrishna Singhania (Deputy MD & CEO) / Shambhu Singh (Company Secretary),shambhu.singh@jkcement.com,+91 512 2371478 / 1800 266 4606 (Toll-Free),https://www.jkcement.com,50+ Years (Est. 1974),"₹355 - ₹430 per 50kg bag (Grey) / ₹950 - ₹1,150 per 50kg bag (White) / ₹6,600 - ₹7,600 per MT","JK Cement Ltd. is an Indian building materials powerhouse and one of the largest producers of White Cement and Wall Putty globally, alongside a massive grey cement capacity of over 22 MTPA. It operates premier manufacturing facilities in Rajasthan, UP, MP, Gujarat, and Karnataka, providing high-durability construction products.","Pan-India (Northern, Western, Central, and Southern India with nationwide white cement distribution)","JK Super Cement (OPC 43, OPC 53, PPC, PSC), JK Super Strong Weather Shield, JK WhiteMaxX (White Portland Cement), JK WallMaxX (Wall Putty), JK TileMaxX, JK RepairMaxX, Microfine Cement","Dedicated multi-modal logistics with automated bagging and rail sidings at mother plants, widespread depot network across 15+ states, 24-48 hr turnaround for institutional dispatches, minimum order 10 MT (bagged grey cement) / 5 MT (white cement/value-added products).",,,
JK Lakshmi Cement Limited,Arun Kumar Shukla (President & Director) / Amit Chaurasia (Company Secretary),jklc.investors@jkmail.com,1800 102 5097 (Toll-Free) / +91 11 6600 1112,https://www.jklakshmicement.com,40+ Years (Est. 1982),"₹340 - ₹410 per 50kg bag (Retail/Wholesale) / ₹6,400 - ₹7,300 per MT (Bulk)","JK Lakshmi Cement Limited, part of the prestigious JK Organisation, operates high-capacity integrated cement plants in Rajasthan, Chhattisgarh, Gujarat, and Haryana with an annual installed capacity of ~14 MTPA. It provides premium strength cement, ready-mix concrete, and autoclaved aerated concrete (AAC) blocks across northern, western, and central markets.","North, West, and Central India (Rajasthan, Gujarat, Haryana, Delhi NCR, Uttar Pradesh, Punjab, Madhya Pradesh, Chhattisgarh, Maharashtra)","JK Lakshmi Cement (OPC 43, OPC 53, PPC), JK Lakshmi PRO+ Cement, Platinum Heavy Duty Cement, JK Lakshmi Plast (Gypsum Plaster), Power Mix RMC, Smart Blox (AAC Blocks), JK Lakshmi Brava Mortars","Dedicated fleet of bulkers and multi-axle freight carriers, captive railway sidings with automated rake loading, 24-48 hr dispatch delivery window, minimum order quantity 15 MT (road freight) to 1,500 MT (railway rakes).",,,
Birla Corporation Limited (M.P. Birla Cement),Sandip Ghose (MD & CEO) / Manoj Kumar Mehta (Company Secretary & Legal Head),unit@birlacorp.com,1800 123 1117 (Toll-Free) / +91 33 2248 0135,https://www.mpbirlacement.com,105+ Years (Est. 1919; Cement Div. Est. 1950s),"₹350 - ₹420 per 50kg bag (Retail/Wholesale) / ₹6,500 - ₹7,400 per MT (Bulk)","Birla Corporation Limited, the flagship company of the M.P. Birla Group, operates 10 modern cement plants across Satna, Chanderia, Durgapur, Maihar, Kundanganj, and Mukutban with an aggregate capacity of ~20 MTPA. It is renowned for high-performance Portland Pozzolana and Slag cements tailored for severe environmental conditions.","North, Central, and Eastern India (Madhya Pradesh, Uttar Pradesh, Rajasthan, West Bengal, Bihar, Jharkhand, Chhattisgarh, Maharashtra, Haryana, Delhi)","MP Birla Cement Perfect Plus, Ultimate Ultra, Samrat Advanced, Chetak, Unique, Samrat, Multicem, PSC, OPC 43, OPC 53, PPC, Masonry Cement","Extensive rail infrastructure connected to major freight corridors, dedicated fleet of bulk tankers for infrastructure projects, robust primary and secondary warehousing network, 24-48 hr lead time, minimum order 15 MT (road) / 2,000 MT (rake).",,,
The Ramco Cements Limited,A. V. Dharmakrishnan (CEO) / K. Selvavinayagam (Company Secretary),ksn@ramcocements.co.in,+91 44 2847 8666 / +91 44 2847 8656,https://www.ramcocements.in,65+ Years (Est. 1957),"₹370 - ₹450 per 50kg bag (Retail/Wholesale) / ₹6,900 - ₹8,000 per MT (Bulk)","The Ramco Cements Limited (formerly Madras Cements) is the fifth largest cement producer in India and the premier brand in South and East India, operating state-of-the-art plants with over 22 MTPA capacity. It specializes in application-specific blended cements, dry mix mortars, and high-durability infrastructure grades.","South and East India (Tamil Nadu, Kerala, Andhra Pradesh, Telangana, Karnataka, Odisha, West Bengal)","Ramco Supergrade (PPC), Ramco Supercrete, Ramco Super Fast, Ramco Super Coast, Ramco Infra 53 Grade (OPC 53), OPC 43, Ramco EFC (Eco-Friendly Cement), Dry Mortar products (Tile Fix, Block Fix, Super Plaster)","Automated packing and loading plants with private rail sidings, dedicated pneumatic bulk carrier fleet supplying major infrastructure corridors, 24-36 hr regional delivery turnaround, minimum order 10-15 MT (road trucks) / 1,200 MT (rail wagons).",,,
The India Cements Limited,N. Srinivasan (Vice Chairman & MD) / S. Sridharan (Company Secretary),corporate@indiacements.co.in,+91 44 2852 1526 / +91 44 2852 4004,https://www.indiacements.co.in,75+ Years (Est. 1946),"₹360 - ₹440 per 50kg bag (Retail/Wholesale) / ₹6,700 - ₹7,800 per MT (Bulk)","The India Cements Limited is a legacy South Indian manufacturing giant producing trusted household brands like Sankar Super Power, Coromandel King, and Raasi Gold with an aggregate capacity of ~16 MTPA across 8 integrated plants. The company supplies high-grade Portland and blended cements to iconic infrastructure projects across India.","Southern and Western India (Tamil Nadu, Andhra Pradesh, Telangana, Karnataka, Kerala, Maharashtra, Goa)","Sankar Super Power, Coromandel King, Raasi Gold, OPC 53 Grade, OPC 43 Grade, Portland Pozzolana Cement (PPC), Portland Slag Cement (PSC), Coromandel Super Power, Ready Mix Concrete","Established railway sidings at all major mother plants (Sankarnagar, Chilamkur, Vishnupuram, Malkapur), dedicated institutional bulk tanker fleet, guaranteed 24-48 hr lead time across South India, minimum order quantity 15 MT (truckloads) / 1,400 MT (full rakes).",,,
Nuvoco Vistas Corp. Limited,Jayakumar Krishnaswamy (Managing Director) / Shruta Sanghavi (Company Secretary),customercare@nuvoco.com,1800 309 4001 (Toll-Free) / +91 22 6630 6511,https://www.nuvoco.com,25+ Years (Est. 1999),"₹350 - ₹425 per 50kg bag (Retail/Wholesale) / ₹6,500 - ₹7,600 per MT (Bulk)","Nuvoco Vistas Corp. Ltd. (part of Nirma Group) is the fifth largest cement group in India and the leading building materials player in East India with an installed cement capacity of ~25 MTPA across 11 plants. It produces market-leading brands including Duraguard, Double Bull, and Concreto alongside a nationwide Ready-Mix Concrete network.","East, North, and Central India (West Bengal, Bihar, Jharkhand, Odisha, Chhattisgarh, Uttar Pradesh, Madhya Pradesh, Rajasthan, Haryana)","Duraguard Cement, Concreto, Double Bull Cement, Nirmax, Infracem, OPC 43, OPC 53, PPC, PSC, Composite Cement, Artiste Concrete, Instamix dry mortar solutions","Dedicated Tech Express mobile lab support, high-capacity automated rail sidings and bulk dispatch loaders, 24-48 hr delivery SLA, minimum order quantity 15 MT (bagged) / 25 MT (bulk tanker) / full rake for rail shipments.",,,
Prism Johnson Limited (Prism Cement),Sarat Chandak (CEO - Cement Division) / Shailesh Dholakia (Company Secretary),cement.customerservice@prismjohnson.in,+91 7672 402700 / +91 22 6675 4142 / 1800 309 4001,https://www.prismjohnson.in,30+ Years (Est. 1992),"₹340 - ₹415 per 50kg bag (Retail/Wholesale) / ₹6,400 - ₹7,400 per MT (Bulk)","Prism Johnson Limited (Cement Division) operates one of India's single largest integrated cement manufacturing facilities at Satna (M.P.) with a production capacity of ~5.6 MTPA. It is renowned for its Champion Plus and Champion Pro brands engineered for superior compressive strength, corrosion resistance, and dense concrete structures.","Central and Northern India (Madhya Pradesh, Uttar Pradesh, Bihar, Delhi NCR, Haryana, Rajasthan)","Prism Champion Cement (PPC), Prism Champion Plus, Prism Champion Pro, Prism Hi-Tech, Prism Durex, OPC 43 Grade, OPC 53 Grade, Prism RMC Ready Mixed Concrete","Captive railway sidings with direct broad-gauge rail connectivity, road bulker logistics for bulk cement supplies, robust depot distribution in Central and Northern India, 24-48 hr lead time, minimum order quantity 15 MT (road) / 1 rake (rail).",,,
HeidelbergCement India Limited (mycem),Joydeep Mukherjee (Managing Director) / Rajesh Relan (Company Secretary),anil.sharma@heidelbergcement.in,+91 124 4503700 / 0124 4503745,https://www.mycemco.com,65+ Years (Est. 1958; Heidelberg Materials acquisition 2006),"₹345 - ₹420 per 50kg bag (Retail/Wholesale) / ₹6,450 - ₹7,500 per MT (Bulk)","HeidelbergCement India Limited, a subsidiary of Germany's Heidelberg Materials Group, produces premium-grade construction cements marketed under the 'mycem' brand with an annual capacity of ~5.5 MTPA across integrated and grinding facilities in Damoh, Jhansi, and Ammasandra. It is recognized for superior clinker quality and automated manufacturing precision.","Central, Northern, and Southern India (Madhya Pradesh, Uttar Pradesh, Bihar, Haryana, Delhi, Karnataka, Maharashtra)","mycem Primo, mycem Power Cement, mycem Portland Pozzolana Cement (PPC), mycem Ordinary Portland Cement (OPC 53, OPC 43), mycem PSC (Portland Slag Cement)","Mobile Technical Lab fleet for on-site quality testing, direct rail track loading sidings at Damoh & Jhansi, dedicated road logistics network, 24-48 hr order execution timeline, minimum order quantity 10-15 MT (truckloads) / 1,000+ MT (bulk rail rakes).",,,
Star Cement Limited,Tushar Bhajanka (Managing Director & CEO) / Debabrata Thakurta (Company Secretary),lumshnong@starcement.co.in,+91 3655 278215 / 1800 120 4422 (Toll-Free),https://www.starcement.co.in,25+ Years (Est. 2001),"₹380 - ₹460 per 50kg bag (Retail/Wholesale) / ₹7,000 - ₹8,200 per MT (Bulk)","Star Cement Limited is the largest and most dominant cement manufacturer in North-East India and Eastern India with an aggregate installed production capacity of ~7.7 MTPA across Meghalaya, Assam, and West Bengal. It is widely preferred for heavy monsoon and seismic-zone construction due to its high early strength and weather-resilient formulations.","North-Eastern and Eastern India (Assam, Meghalaya, Arunachal Pradesh, Nagaland, Manipur, Mizoram, Tripura, West Bengal, Bihar)","Star Cement Premium (PPC), Star Anti-Rust Cement, Star Cement OPC 43 Grade, Star Cement OPC 53 Grade, Star Portland Slag Cement (PSC), Star Water Shield","Strategic riverine and hilly terrain transport logistics fleet, automated loading rail sidings at Guwahati and Siliguri grinding units, 24-48 hr delivery across East/NE hubs, minimum order quantity 10-15 MT (trucks) / 1,000 MT (railway rakes).",,,
Orient Cement Limited,Deepak Khetrapal (Managing Director & CEO) / Diksha Singh (Company Secretary),info@orientcement.com,+91 11 4209 2100 / +91 8736 240709,https://orientcement.com,45+ Years (Est. 1979),"₹340 - ₹415 per 50kg bag (Retail/Wholesale) / ₹6,350 - ₹7,400 per MT (Bulk)","Orient Cement Limited (part of the C.K. Birla Group / Adani Portfolio integration) operates cutting-edge manufacturing facilities at Devapur (Telangana), Chittapur (Karnataka), and Jalgaon (Maharashtra) with an installed capacity of ~8.5 MTPA. Marketed under the flagship brand Birla.A1, it delivers premium high-strength cement for residential and critical civil engineering projects.","Southern, Western, and Central India (Telangana, Andhra Pradesh, Karnataka, Maharashtra, Goa, Madhya Pradesh, Gujarat)","Birla.A1 Premium Cement, Birla.A1 StrongCrete, Birla.A1 Orient Gold, Ordinary Portland Cement (OPC 43, OPC 53), Portland Pozzolana Cement (PPC)","Advanced automated bulk loading terminals at Devapur and Chittapur, dedicated railway siding connections, bulk tanker fleet for RMC suppliers, 24-36 hr regional delivery window, minimum order quantity 15 MT (bagged road transport) / 25 MT (bulk tanker).",,,
Sagar Cements Limited,S. Anand Reddy (Managing Director) / J. Raja Reddy (Company Secretary),info@sagarcements.in,+91 40 2335 1571 / +91 40 2335 6572,https://www.sagarcements.in,40+ Years (Est. 1981),"₹330 - ₹405 per 50kg bag (Retail/Wholesale) / ₹6,200 - ₹7,200 per MT (Bulk)","Sagar Cements Limited is a fast-growing South Indian cement manufacturing group with an aggregate installed capacity of ~10.5 MTPA across integrated and grinding facilities in Telangana, Andhra Pradesh, Madhya Pradesh, and Odisha. It supplies high-quality Portland Pozzolana, Slag, and Sulphate Resistant cements across diverse industrial applications.","South, Central, and Eastern India (Telangana, Andhra Pradesh, Tamil Nadu, Karnataka, Maharashtra, Odisha, Madhya Pradesh)","Sagar Super (PPC), Sagar Ordinary Portland Cement (OPC 43, OPC 53), Sagar Portland Slag Cement (PSC), Sagar Sulphate Resistant Cement (SRC), Sagar Solid Built, Sagar Coastal King","In-house railway siding infrastructure at Mattampally plant, fleet of pneumatic bulk road carriers, multi-tier warehouse network, 24-48 hr dispatch schedule, minimum order quantity 15 MT (road freight) to full rake load (railway).",,,
The KCP Limited (Cement Division),Dr. V. L. Indira Dutt (Chairperson & MD) / Y. Vijayakumar (Company Secretary),cement@kcp.co.in,+91 44 6677 2600 / +91 8642 222303,http://www.kcp.co.in,65+ Years (Est. 1958; KCP Group Est. 1941),"₹340 - ₹410 per 50kg bag (Retail/Wholesale) / ₹6,300 - ₹7,300 per MT (Bulk)","The KCP Limited Cement Division operates premier manufacturing plants at Macherla and Muktyala in Andhra Pradesh with an installed production capacity of ~4.3 MTPA. As a pioneer in the South Indian cement sector, KCP supplies high-strength durable cement for major dams, power projects, highways, and commercial high-rises.","Southern and Eastern India (Andhra Pradesh, Telangana, Tamil Nadu, Karnataka, Odisha, Kerala)","KCP Shresht (PPC), KCP Ordinary Portland Cement (OPC 53, OPC 43), KCP Special Grade Cement for High-Rise Structures, Portland Slag Cement (PSC), Low Heat Portland Cement","Direct railway siding at Muktyala facility with mechanised wagon loaders, fleet of heavy-duty road trucks and bulkers, 24-48 hr lead time across Andhra/Telangana/Tamil Nadu, minimum order quantity 10-15 MT (truckloads) / 1,200 MT (railway rakes).",,,
Mangalam Cement Limited,Vidula Jalan (Co-Chairperson) / Manoj Kumar (Company Secretary),email@mangalamcement.com,+91 93514 68076 / +91 33 2243 8706,https://www.mangalamcement.com,45+ Years (Est. 1978),"₹330 - ₹400 per 50kg bag (Retail/Wholesale) / ₹6,200 - ₹7,100 per MT (Bulk)","Mangalam Cement Limited, established under the B.K. Birla Group, operates integrated manufacturing facilities at Morak, Kota (Rajasthan) and a grinding unit at Aligarh (UP) with a combined capacity of ~4.4 MTPA. Marketed under the brand 'Birla Uttam', it provides high-durability Portland Pozzolana and Ordinary Portland cements for housing and infrastructure.","North and Central India (Rajasthan, Uttar Pradesh, Madhya Pradesh, Delhi NCR, Haryana)","Birla Uttam Cement (PPC, OPC 43, OPC 53), Mangalam ProMaxX, Mangalam Premium, Birla Uttam Power, Masonry Cement","Dedicated broad-gauge railway siding with automated rake loading at Morak plant, extensive regional dealer/depot network in North India, 24-48 hr delivery turnaround, minimum order quantity 15 MT (road transport) / 1,200 MT (rail transport).",,,
Deccan Cements Limited,P. Parvathi (Managing Director) / S. K. Mishra (Company Secretary),info@deccancements.com,+91 40 2331 0168 / +91 40 2331 0552,https://www.deccancements.com,45+ Years (Est. 1979),"₹330 - ₹405 per 50kg bag (Retail/Wholesale) / ₹6,200 - ₹7,200 per MT (Bulk)","Deccan Cements Limited (DCL) is a leading South Indian cement producer operating a modern manufacturing complex at Bhavanipuram, Nalgonda (Telangana) with an installed capacity of ~2.25 MTPA (expanding to 4+ MTPA). It manufactures high-grade OPC, blended cements, and specialty cements tailored for precast, high-stress bridges, and marine construction.","Southern India (Telangana, Andhra Pradesh, Tamil Nadu, Karnataka, Kerala, Odisha, Maharashtra)","Deccan OPC 53, Deccan OPC 43, Deccan Portland Pozzolana Cement (PPC), Deccan Portland Slag Cement (PSC), Deccan Speciality High-Early Strength Cement, Sulphate Resisting Portland Cement (SRPC)","Captive railway siding with direct connectivity to South Central Railway network, automated multi-spout bag packers and bulk bulker loading bay, 24-36 hr regional delivery window, minimum order quantity 10 MT (road trucks) / 1,000 MT (rake lots).",,,
Andhra Cements Limited,S. Anand Reddy (Director) / G. Tirupati Rao (Company Secretary),info@andhracements.com,+91 40 2335 1571 / +91 8649 257413,https://www.andhracements.com,90+ Years (Est. 1936; Subsidiary of Sagar Cements Group),"₹325 - ₹395 per 50kg bag (Retail/Wholesale) / ₹6,100 - ₹7,000 per MT (Bulk)","Andhra Cements Limited, one of India's earliest cement enterprises (now a subsidiary of Sagar Cements Group), operates integrated manufacturing units at Dachepalle (Guntur) and grinding units at Visakhapatnam with an aggregate capacity of ~2.6 MTPA. It manufactures durable Portland Pozzolana and OPC grades for coastal and commercial construction.","Southern and Eastern India (Andhra Pradesh, Telangana, Odisha, Tamil Nadu, Karnataka)","Durga Cement (PPC), Andhra Cements OPC 43 Grade, Andhra Cements OPC 53 Grade, Portland Slag Cement (PSC), Coastal Grade Blended Cement","Proximity to major railway corridors and Visakhapatnam port, road bulker logistics fleet for regional infrastructure projects, 24-48 hr lead time across coastal Andhra and Rayalaseema, minimum order quantity 15 MT (road freight) / 1,200 MT (railway rakes).",,,
Sanghi Industries Limited,Sukuru Ramarao (Whole-time Director & CEO) / Manish Mistry (Company Secretary),companysecretary.sil@adani.com,+91 79 2656 5555 / 1800 233 1222 (Toll-Free),https://www.sanghicement.com,40+ Years (Est. 1985; Adani Ambuja Group Subsidiary),"₹340 - ₹415 per 50kg bag (Retail/Wholesale) / ₹6,300 - ₹7,300 per MT (Bulk)","Sanghi Industries Limited (an Adani Group company) operates the Sanghipuram plant in Kutch (Gujarat), one of the world's largest single-location integrated cement manufacturing facilities with 6.1 MTPA capacity. The complex features a captive all-weather port, private desalination plant, and 143 MW thermal power plant, delivering low-carbon cement across Western and Southern coasts.","Western and Southern Coastal India (Gujarat, Maharashtra, Rajasthan, Goa, Kerala, Karnataka)","Sanghi Power Cement (PPC), Sanghi OPC 53 Grade, Sanghi OPC 43 Grade, Sanghi PSC (Portland Slag Cement), Ready Mix Concrete, Coastal Durable Marine Cement","Dedicated captive deep-sea all-weather port at Sanghipuram for sea-route coastal bulk shipping, mechanized road bulker fleet, 24-48 hr delivery SLA across Gujarat and West Coast, minimum order quantity 15 MT (road transport) / 2,000 MT (marine vessel / rail rake).",,,
Saurashtra Cement Limited (Hathi Cement),M. S. Gilotra (Managing Director) / Sonali Sanas (VP - Legal & Company Secretary),customercare@mehtagroup.com,+91 2801 304200 / +91 79 2658 3858 / +91 22 6636 5444,https://www.hathi-sidheecements.com,65+ Years (Est. 1956),"₹335 - ₹410 per 50kg bag (Retail/Wholesale) / ₹6,250 - ₹7,200 per MT (Bulk)","Saurashtra Cement Limited, the flagship cement arm of the Mehta Group, manufactures the iconic 'Hathi Cement' brand at its integrated plant in Ranavav (near Porbandar, Gujarat) with an annual capacity of ~1.5 MTPA (consolidated ~3 MTPA with group entity Gujarat Sidhee Cement). Hathi Cement is celebrated across Gujarat and Maharashtra for exceptional marine and sulphate resistance.","Western India (Gujarat, Maharashtra, Rajasthan, Madhya Pradesh)","Hathi Portland Pozzolana Cement (Hathi PPC), Hathi Ordinary Portland Cement (OPC 53, OPC 43), Hathi PSC, Marine Grade Sulfate Resisting Cement","Direct rail siding at Ranavav connected to Western Railway, coastal sea transport via Porbandar Port, dedicated fleet of bulk road tankers, 24-48 hr lead time across Gujarat/Maharashtra, minimum order quantity 15 MT (road trucks) / 1,500 MT (rail wagons).",,,
Anjani Portland Cement Limited,K. V. Vishnu Raju (Director) / Subhash Ranjan (Company Secretary),info@anjanicement.com,+91 40 2335 3096 / +91 8683 230166,https://www.anjanicement.com,40+ Years (Est. 1983; Subsidiary of Chettinad Cement Group),"₹330 - ₹400 per 50kg bag (Retail/Wholesale) / ₹6,200 - ₹7,100 per MT (Bulk)","Anjani Portland Cement Limited (a Chettinad Cement Group entity) operates automated manufacturing plants at Chintalapalem, Suryapet (Telangana) with an installed capacity of ~2 MTPA. It specializes in high-compressive-strength Portland Pozzolana and Ordinary Portland cements for commercial builders and irrigation infrastructure across South India.","Southern India (Telangana, Andhra Pradesh, Karnataka, Tamil Nadu, Odisha, Maharashtra)","Anjani Super Gold (PPC), Anjani Premium OPC 53 Grade, Anjani OPC 43 Grade, Composite Cement, Coastal Durable Cement","Dedicated transport fleet, proximity to NH-65 corridor, computerized bag loading terminals, 24-36 hr regional delivery turnaround, minimum order quantity 10-15 MT (truckloads).",,,
Shiva Cement Limited,Manoj Kumar Rustagi (Managing Director) / Sneha Bindra (Company Secretary),corporate@shivacement.com,+91 661 2464064 / +91 11 4656 5656,https://www.shivacement.com,40+ Years (Est. 1983; JSW Cement Subsidiary),"₹330 - ₹405 per 50kg bag (Retail/Wholesale) / ₹6,150 - ₹7,150 per MT (Bulk)","Shiva Cement Limited (a subsidiary of JSW Cement) operates an integrated clinker and cement facility at Telighana, Sundargarh (Odisha) with a 1.36 MTPA clinker and 1 MTPA grinding capacity. It serves as JSW Cement's strategic Eastern hub, producing eco-friendly Portland Slag Cement (PSC) and Composite Cements for industrial and civil works.","Eastern and Central India (Odisha, West Bengal, Jharkhand, Bihar, Chhattisgarh)","Shiva PSC (Portland Slag Cement), Shiva PPC, Ordinary Portland Cement (OPC 43, OPC 53), Green ConCretum Blended Cement","Proximity to South Eastern Railway trunk lines, road fleet logistics network across Eastern industrial corridors, 24-48 hr delivery window, minimum order quantity 15 MT (road freight) / 1,200 MT (railway rakes).",,,
Burnpur Cement Limited,Pawan Pareek (Executive Director) / Rajesh Sharma (Company Secretary),info@burnpurcement.com,+91 341 2250859 / +91 33 2265 3167,https://www.burnpurcement.com,35+ Years (Est. 1986),"₹320 - ₹395 per 50kg bag (Retail/Wholesale) / ₹6,000 - ₹7,000 per MT (Bulk)","Burnpur Cement Limited operates integrated and grinding cement plants at Asansol (West Bengal) and Patratu (Jharkhand) with a combined capacity of ~0.6 MTPA. It caters to regional real estate, housing developers, and small-to-medium civil contractors with reliable Portland Slag Cement and Portland Pozzolana Cement.","Eastern India (West Bengal, Jharkhand, Bihar, Assam)","Burnpur Super Portland Slag Cement (PSC), Burnpur Portland Pozzolana Cement (PPC), Ordinary Portland Cement (OPC 43)",Direct factory dispatch via road carriers,local depot network in Asansol and Ranchi,24-48 hr regional fulfillment,minimum order quantity 10-15 MT.
Tata Steel Limited (Tata Tiscon),T. V. Narendran (CEO & Managing Director) / Corporate Sales Desk,aashiyana.support@tatasteel.com,1800-108-8282,https://www.tatasteel.com,119+ Years (Est. 1907),₹54,000 - ₹66,000 per Metric Tonne,"Tata Steel is India's pioneer integrated steel manufacturer operating primary blast furnaces at Jamshedpur and Kalinganagar. Its flagship retail brand Tata Tiscon produces premium Fe 500D and Fe 550D Superlinks rebars using virgin iron ore and automated thermo-mechanical treatment. The company also manufactures heavy structural sections, hollow tubes, and specialized heavy construction plates.",Pan-India (All 28 States and 8 Union Territories),"Fe 500D, Fe 550D TMT Rebars, Tiscon Superlinks, Structura Hollow Sections, Heavy Plates, Wire Rods, Angles, Channels","Dedicated trailer trucks, rake-based bulk rail transport from Jamshedpur/Kalinganagar plants, direct factory-to-site dispatch, and an extensive nationwide network of authorized distributors and stockyards.",
JSW Steel Limited (JSW Neosteel),Jayant Acharya (Joint MD & CEO) / Corporate Sales Desk,jswsteel.connect@jsw.in,1800-225-225,https://www.jswsteel.in,44+ Years (Est. 1982),₹52,000 - ₹64,000 per Metric Tonne,"JSW Steel is India's leading private integrated steelmaker with major production hubs in Vijayanagar, Dolvi, and Salem. Under its JSW Neosteel brand, it manufactures high-purity virgin-steel Fe 500D and Fe 550D TMT rebars using HYQST technology for high seismic resilience. The company also engineers broad-flange structural beams, angles, channels, wire rods, and coated steel products.","Pan-India (North, South, East, West, and Central India)","Fe 500D, Fe 550D, Fe 600 TMT Rebars, Structural Beams, Channels, Equal/Unequal Angles, Wire Rods, Hollow Sections, HR/CR Heavy Plates","Multi-axle trailer fleets, containerized rail freight corridors, direct mill-to-project dispatch, backed by regional consignment stockyards across tier-1 and tier-2 cities.",
Steel Authority of India Limited (SAIL),Amarendu Prakash (Chairman) / Central Marketing Organisation (CMO),rmer.cmo@sail.in,1800-345-3450,https://www.sail.co.in,53+ Years (Est. 1973 / 1954),₹51,000 - ₹63,000 per Metric Tonne,"SAIL is a Maharatna Public Sector Enterprise operating five integrated steel plants across Bhilai, Bokaro, Rourkela, Durgapur, and Burnpur. The company is a key producer of heavy structural joists, wide-flange beams, rails, and earthquake-resistant SAIL TMT rebars. Its Central Marketing Organisation manages the country's widest steel supply chain supporting national infrastructure, bridges, and defense projects.","Pan-India coverage across all states, union territories, and remote infrastructure corridors","Fe 500D, Fe 550D TMT Rebars, Heavy Joists, Wide Flange Beams, Channels, Equal Angles, Crane Rails, Heavy Steel Plates, Wire Rods","Bulk railway rake loading from integrated steel plants, heavy trailer road logistics, dedicated departmental stockyards, and direct consignment delivery to major government and private infrastructure sites.",
Jindal Steel & Power Limited (JSPL),Bimlendra Jha (Managing Director) / Corporate Sales Desk,jsplinfo@jindalsteel.com,+91-11-41462000,https://www.jindalsteelpower.com,47+ Years (Est. 1979),₹53,000 - ₹65,000 per Metric Tonne,"Jindal Steel & Power Limited is an integrated industrial conglomerate with large-scale steel plants located in Raigarh, Angul, and Patratu. JSPL is India's pioneer in producing large parallel-flange structural beams, columns, and 121-meter head-hardened railway tracks. The company manufactures Jindal Panther Fe 550D TMT rebars and heavy plates tailored for bridges, sky-rises, and industrial fabrication.",Pan-India and global export markets,"Jindal Panther Fe 500D & Fe 550D TMT Rebars, Parallel Flange Beams, Columns, Heavy Structural Sections, Fabricated Girders, Heavy Plates, Wire Rods","Dedicated private rail sidings at Angul and Raigarh plants, hydraulic multi-axle trailer transport for oversize structures, direct site delivery, and centralized regional service centers.",
Shyam Metalics and Energy Limited (SEL Tiger),Brij Bhushan Agarwal (Vice Chairman & MD) / Sales Team,contact@shyamgroup.com,+91-33-40164001,https://www.shyammetalics.com,24+ Years (Est. 2002),₹49,000 - ₹59,000 per Metric Tonne,"Shyam Metalics is an integrated metal and energy conglomerate with major production facilities situated in Sambalpur (Odisha) and Jamuria (West Bengal). Under its signature 'SEL Tiger' brand, the company produces micro-alloyed Fe 550D TMT rebars with superior corrosion and seismic resistance. The company also produces a full spectrum of structural angles, channels, beams, and wire rods.","Eastern, Northern, Western, and Central India","SEL Tiger Fe 500D & Fe 550D TMT Rebars, Structural Angles, Channels, Beams, Wire Rods, Billets, Sponge Iron, Color Coated Sheets","Direct mill-to-site trailer trucks, railway rake loading via in-house siding, and an established multi-state network of over 1,000 dealers and stockyards.",
Jindal Stainless Limited (JSL),Abhyuday Jindal (Managing Director) / Sales Division,info@jindalstainless.com,+91-11-26188345,https://www.jindalstainless.com,56+ Years (Est. 1970),"₹1,65,000 - ₹2,35,000 per Metric Tonne (Stainless Steel Rebar & Structural Grades)","Jindal Stainless Limited is India's largest stainless steel manufacturer with major integrated plants in Jajpur (Odisha) and Hisar (Haryana). JSL produces high-performance stainless steel structural sections, heavy plates, and stainless steel TMT rebars (SS Rebar). Its materials provide unmatched lifecycle durability and corrosion immunity for coastal infrastructure, bridges, marine facilities, and chemical plants.",Pan-India across all major infrastructure corridors and international export markets,"Stainless Steel TMT Rebars (Grade 304, 316, Duplex 2205), Stainless Steel Structural Angles, Channels, Beams, Hollow Sections, Heavy Plates, Coils","Containerized multimodal freight, specialized covered trailer trucks, bonded warehouse hubs, direct site dispatch, and international port logistics.",,,
Kamdhenu Limited,Satish Kumar Agarwal (Chairman & MD) / Sales & Marketing Team,cs@kamdhenulimited.com,1800-309-4001,https://www.kamdhenulimited.com,32+ Years (Est. 1994),₹48,000 - ₹58,000 per Metric Tonne,"Kamdhenu Limited is a nationwide construction steel brand operating a large franchisee manufacturing and distribution network alongside company-owned facilities. The company manufactures premium Kamdhenu Nxt and Kamdhenu PAS 10000 TMT rebars engineered with high-grip double-rib profiles for superior concrete bonding. Its product catalog also encompasses structural beams, channels, angles, and color-coated profile sheets.","Pan-India with over 11,500 dealers and 80+ franchisee manufacturing units across every state","Kamdhenu Nxt Fe 500D / Fe 550D TMT Bars, Structural Joists, MS Channels, Angles, Flats, Wire Rods, Hollow Pipes, Color Coated Profile Sheets","Localized point-to-point truck transport from regional franchisee rolling mills, fast urban deliveries, stockist depot dispatches, and factory direct container loads.",
ESL Steel Limited (Vedanta Group),Ravish Sharma (CEO & Whole-Time Director) / Sales Desk,contact.esl@vedanta.co.in,+91-33-44086666,https://www.eslsteel.com,20+ Years (Est. 2006),₹49,000 - ₹60,000 per Metric Tonne,"ESL Steel Limited, a Vedanta Group company, operates a 2.51 MTPA integrated greenfield steel facility in Bokaro, Jharkhand. ESL produces high-ductility V-Xtech and V-Dura Fe 500D and Fe 550D TMT rebars, wire rods, and ductile iron pipes. Its high-grade steel is used extensively in high-speed rail corridors, highway overpasses, bridges, and commercial infrastructure.","Eastern, Northern, Central, and Western India","V-Xtech & V-Dura Fe 500D, Fe 550D TMT Rebars, Wire Rods, Billets, Pig Iron, Ductile Iron Pipes, Structural Rounds","Dedicated in-plant railway siding for bulk rake movement, commercial multi-axle trailer dispatch, regional hub warehouses, and direct project site delivery.",
Gallantt Ispat Limited (Gallantt Group),C. P. Agarwal (Chairman & MD) / Institutional Sales Desk,gil@gallantt.com,+91-9559767333,https://gallantt.com,42+ Years (Est. 1984 / 2005),₹48,000 - ₹58,000 per Metric Tonne,"Gallantt Ispat Limited operates integrated steel manufacturing complexes located in Gorakhpur (Uttar Pradesh) and Samakhiyali, Kutch (Gujarat). Producing under the 'Gallantt Advance' brand, it manufactures Fe 500D and Fe 550D TMT rebars utilizing virgin iron ore and captive sponge iron. The group also produces high-tensile structural billets, mild steel rounds, and wire rods.","Northern, Western, Central, and Eastern India (UP, Bihar, Gujarat, MP, Rajasthan, Haryana, Delhi-NCR)","Gallantt Advance Fe 500D & Fe 550D TMT Rebars, MS Billets, Structural Rounds, Wire Rods, Sponge Iron","Strategic dual-plant logistics (Western & Northern corridors), dedicated transport fleets, rail siding distribution, and a 1,500+ dealer retail distribution network.",
Rathi Bars Limited (Rathi Group),Anurag Rathi (Managing Director) / Sales Directorate,rathibars@hotmail.com,+91-11-42760373,https://rathisteels.com,84+ Years (Rathi Group Est. 1942 / Incorporated 1993),₹47,000 - ₹57,000 per Metric Tonne,"Rathi Bars Limited, part of the pioneer Rathi Group, operates automated continuous rolling mills in Khushkhera and Bhiwadi (Rajasthan NCR). The company manufactures Rathi Thermex and Rathi Shaktiman Fe 500D/550D TMT rebars using German quenching technology for high bendability and seismic safety. It also rolls structural sections including mild steel angles, channels, and flats.","Northern and Central India (Delhi-NCR, Haryana, Uttar Pradesh, Rajasthan, Punjab, Uttarakhand, Madhya Pradesh)","Rathi Fe 500D & Fe 550D TMT Rebars, Earthquake Resistant Rebars, MS Channels, Equal Angles, MS Flats, Structural Rounds","Direct fleet dispatch across Delhi-NCR and the Northern Belt, express 24-48 hour site deliveries, factory gate pickup, and authorized stockist hubs.",
Beekay Steel Industries Limited,Mukesh Chand Bansal (Managing Director) / Sales Department,sales@beekaysteel.com,+91-33-40604444,https://www.beekaysteel.com,66+ Years (Est. 1960),₹52,000 - ₹66,000 per Metric Tonne,"Beekay Steel Industries Limited is a premier structural and engineering steel producer with manufacturing plants across Visakhapatnam, Jamshedpur, Chennai, and Kolkata. The company produces heavy structural sections (beams, joists, angles, channels), crane rails, high-strength TMT rebars, bright bars, and specialized auto-grade sections. Beekay also serves as an authorized conversion agent for leading primary mills including SAIL and RINL.","Pan-India (Southern, Eastern, Western, and Northern industrial zones)","Heavy Structural Beams, Joists, Heavy Channels, Angles, Crane Rails, Fe 500D/550D TMT Rebars, Bright Steel Bars, Special Alloy Steel Profiles","Multi-plant dispatch hubs near major seaports and industrial centers (Vizag, Jamshedpur, Chennai), company-owned stockyards in Kolkata, Pune, Coimbatore, Bengaluru, and trailer logistics.",
Sarda Energy & Minerals Limited (SEML),Kamal Kishore Sarda (Chairman & MD) / Marketing Team,cs@seml.co.in,+91-771-2216100,https://www.seml.co.in,53+ Years (Est. 1973),₹48,000 - ₹58,000 per Metric Tonne,"Sarda Energy & Minerals Limited operates an integrated steel complex in Siltara Industrial Area, Raipur, Chhattisgarh. Powered by captive green and thermal power, SEML manufactures high-grade Fe 500D and Fe 550D TMT rebars, wire rods, billets, and sponge iron. Its rebars and wire products serve commercial real estate, road infrastructure, and specialized engineering applications.","Central, Western, Northern, and Southern India","Fe 500D, Fe 550D TMT Rebars, High-Carbon & Low-Carbon Wire Rods, Steel Billets, Structural Rounds, HB Wires, Ferro Alloys","In-plant private railway loading, fleet of heavy container trailers, direct factory-to-project dispatch, and regional consignment hubs.",
Prakash Industries Limited,Vikram Agarwal (Managing Director) / Sales Division,pilho@prakash.com,+91-11-25848512,https://www.prakash.com,46+ Years (Est. 1980),₹49,000 - ₹59,000 per Metric Tonne,"Prakash Industries Limited operates an integrated steel manufacturing plant at Champa in Chhattisgarh supported by captive power and iron ore mining. The company manufactures premium 'Surya' brand Fe 500D and Fe 550D TMT rebars, heavy structural steel sections (beams, angles, channels), and wire rods. Its structural products cater to Indian Railways, power transmission projects, and industrial building fabrications.","Pan-India (Particularly Northern, Central, and Western regions)","Surya Fe 500D & Fe 550D TMT Rebars, Heavy Structural Beams, Angles, Channels, Wire Rods, Blooms, Billets","Broad railway rake shipment capability from Champa works, multi-axle road trailers, direct project deliveries, and dedicated regional depots.",
Godawari Power & Ispat Limited (Hira Group),Bajrang Lal Agrawal (Managing Director) / Sales Head,contact@gpil.in,+91-771-4082205,https://www.godawaripowerispat.com,27+ Years (Est. 1999),₹49,000 - ₹59,000 per Metric Tonne,"Godawari Power & Ispat Limited is an end-to-end integrated steelmaker based in Raipur, Chhattisgarh, and the flagship company of the Hira Group. GPIL produces high-strength Fe 500D and Fe 550D TMT rebars, high-carbon wire rods, steel billets, and iron ore pellets. Its fully integrated production setup guarantees strict metallurgical control for major civil infrastructure and construction works.","Central, Western, Northern, and Southern India","Fe 500D, Fe 550D TMT Rebars, High-Quality Wire Rods, Steel Billets, HB Wires, Binding Wires, Sponge Iron, Iron Ore Pellets","Heavy-capacity trailer transport, bulk railway rakes from Raipur hub, direct site deliveries to major infrastructure contractors, and regional stockyard network.",
Sunflag Iron and Steel Company Limited,S. K. Chanda (HOD Marketing) / S. Sanjeev (North Zone Sales),admin@sunflagsteel.com,+91-712-2524661,https://sunflagsteel.com,42+ Years (Est. 1984),₹53,000 - ₹68,000 per Metric Tonne,"Sunflag Iron and Steel Company Limited operates an advanced special and alloy steel integrated complex in Bhandara, Maharashtra. The company specializes in manufacturing high-integrity structural steel, alloy steel rounds, heavy flats, spring steel, and high-tensile TMT rebars. Sunflag serves critical engineering sectors including power infrastructure, heavy fabrication, railways, and automotive manufacturing.","Pan-India with zonal offices across Mumbai, Delhi/Faridabad, Chennai, Pune, and Nagpur","High-Strength TMT Rebars, Special Structural Rolled Rounds, Hexagons, Flat Sections, Billets, Bloom, Heavy Alloy Bars, Wire Rods","Dedicated road transportation network, rail container linkages from Bhandara works, regional warehousing hubs in Pune, Thane, Faridabad, and Chennai.",
Kirloskar Ferrous Industries Limited (KFIL),R. V. Gumaste (Managing Director) / Commercial Sales Team,kfilinvestor@kirloskar.com,+91-20-25810341,https://www.kirloskarferrous.com,35+ Years (Est. 1991),"₹50,000 - ₹62,000 per Metric Tonne (Pig Iron, Billets & Special Ferrous Profiles)","Kirloskar Ferrous Industries Limited, part of the Kirloskar Group, operates blast furnaces and foundry units in Koppal and Hiriyur (Karnataka) and Solapur (Maharashtra). KFIL is India's largest producer of quality foundry-grade pig iron, steel billets, and high-precision casting components. Its products serve heavy machinery fabrication, automotive components, and structural engineering projects.","Southern, Western, Northern, and Central India","Foundry Pig Iron, Basic Pig Iron, S.G. Iron Billets, Steel Billets, Ferrous Structural Castings, Special Round Bars","Direct road fleet dispatch via heavy trucks and trailers, dedicated railway siding connections at Koppal plant, and branch distribution offices across major states.",,,
Mahamaya Steel Industries Limited (MSIL),Rajesh Agrawal (Managing Director) / Sales & Marketing Desk,sales@mahamayagroup.in,+91-771-4910058,https://mahamayagroup.in,38+ Years (Est. 1988),₹49,000 - ₹59,000 per Metric Tonne,"Mahamaya Steel Industries Limited is a specialized structural steel manufacturer headquartered in Raipur, Chhattisgarh. Approved by SAIL, BHEL, NTPC, and RDSO (Indian Railways), MSIL rolls medium and heavy structural joists (beams), channels, equal angles, railway crossing sleeper bars, and blooms. The company's automated mills supply mission-critical steel for industrial PEB buildings, transmission towers, and bridge spans.","Pan-India (Central, Western, Northern, and Southern states)","Structural Heavy Joists/Beams (ISMB), Heavy Channels (ISMC), Equal/Unequal Angles (ISA), Crossing Sleeper Bars, Flats, Blooms, Billets, Round Bars","Direct mill dispatch from Sarora / Urla Industrial Complex (Raipur), multi-axle trailer logistics, dedicated railway freight linkages, and regional stockist depots.",
Jai Balaji Industries Limited,Aditya Jajodia (Chairman & MD) / Subhankar Chandra (Sales Head),sales@jaibalajigroup.com,+91-33-22489808,https://jaibalajigroup.com,27+ Years (Est. 1999),₹48,000 - ₹58,000 per Metric Tonne,"Jai Balaji Industries Limited is a prominent integrated steelmaker headquartered in Kolkata with modern manufacturing units in Durgapur and Raniganj (West Bengal) and Durg (Chhattisgarh). The company produces high-grade 'Balaji' Fe 500D & Fe 550D TMT rebars, structural sections, pig iron, and ductile iron pipes. Its rebars are engineered for high yield strength and seismic safety in metro projects and urban infrastructure.","Eastern, Northern, Central, and North-Eastern India","Balaji Fe 500D & Fe 550D TMT Rebars, Structural Angles, Channels, Joists, Heavy Billets, Wire Rods, Ductile Iron Pipes, Pig Iron","Integrated railway sidings at Durgapur plants, fleets of company and third-party transport trailers, direct site deliveries, and an extensive Eastern/Northern dealer network.",
Rashmi Metaliks Limited (Rashmi Group),Sanjib Patwari (Executive Director) / Corporate Sales Desk,mis.sales@rashmigroup.com,+91-33-22690730,https://www.rashmimetaliks.com,35+ Years (Rashmi Group Est. 1991 / Incorporated 2004),₹48,000 - ₹58,000 per Metric Tonne,"Rashmi Metaliks Limited, the flagship steel arm of Rashmi Group, operates massive integrated production complexes at Kharagpur and Jamuria in West Bengal. The company manufactures premium Fe 500D, Fe 550D, and Fe 600 TMT rebars, ductile iron pipes, and wire rods. Its certified rebars are widely used in NHAI highways, bridges, hydro-electric structures, and commercial high-rises.",Pan-India and global export operations across 30+ countries,"Rashmi Fe 500D, Fe 550D & Fe 600 TMT Rebars, Low-Relaxation Wire Rods, Structural Billets, Ductile Iron Pipes, Sponge Iron, Sinter","Massive in-house railway logistics handling multiple rakes daily, heavy multi-axle trailer fleets, port-side container logistics for exports, and 2,000+ dealer network.",
MSP Steel & Power Limited,Saket Agrawal (Managing Director) / Sales Desk,contactus@mspsteel.com,+91-33-40057777,https://www.mspsteel.com,58+ Years (MSP Group Est. 1968 / Incorporated 2003),₹48,000 - ₹58,000 per Metric Tonne,"MSP Steel & Power Limited operates a large integrated steel manufacturing plant in Manuapali, Raigarh, Chhattisgarh. The company manufactures high-tensile MSP Gold Fe 500D and Fe 550D TMT rebars with advanced thermo-mechanical quenching. Its production lines also fabricate structural beams, channels, angles, structural steel pipes, and wire rods for construction and industrial infrastructure.","Central, Eastern, Northern, and Western India","MSP Gold Fe 500D & Fe 550D TMT Rebars, Structural Beams, Channels, Equal Angles, Hollow Structural Sections (SHS/RHS pipes), Wire Rods, Billets","Dedicated in-plant railway siding at Raigarh works, extensive multi-axle trailer logistics for project dispatches, central stockyards, and a vast distributor footprint across tier-1 and tier-2 markets.",
SRMB Srijan Private Limited,Ashish Beriwala (Director) / Sales Team,taxation@srmbsteel.com,1800-200-2244,https://www.srmbsteel.com,75+ Years (Est. 1951),₹49,000 - ₹60,000 per Metric Tonne,"SRMB Srijan Private Limited is a leading steel manufacturing company and technology pioneer headquartered in Kolkata with integrated rolling facilities in Durgapur, West Bengal. SRMB manufactures high-ductility SRMB 500D & 550D Wingrip TMT rebars, corrosion-resistant bars (CRS), and pre-fabricated 'RealRing' stirrups. Its products are widely recommended for seismic zone IV & V structures and bridge construction.","Eastern, North-Eastern, and Northern India","SRMB 500D & 550D Wingrip TMT Rebars, Corrosion Resistant (CRS) Rebars, RealRing Ready-Made Stirrups, Structural Angles, Channels, Wire Rods","Factory-to-site trailer fleets, specialized regional stockyards, rapid urban delivery services, and a retail network of over 1,200 distributors and dealers.",
Captain Steel India Limited,Avinash Agarwalla (Director) / Sales Coordination Cell,reachus@captainsteel.com,+91-8420068888,https://www.captainsteel.com,19+ Years (Est. 2007),₹48,000 - ₹58,000 per Metric Tonne,"Captain Steel India Limited operates advanced automated steel rolling facilities in Kalyani (West Bengal) and Bihta (Bihar). The company manufactures Thermex-treated Captain 600 EQR and Captain RustGuard TMT rebars designed for superior tensile strength, bendability, and corrosion resistance. Its construction steels are widely deployed in regional infrastructure, residential towers, and institutional projects.","Eastern and Northern India (West Bengal, Bihar, Jharkhand, Uttar Pradesh, Assam, Odisha, North-East)","Captain 600 EQR TMT Rebars, Captain RustGuard Corrosion Resistant Rebars, Fe 500D/550D TMT Saria, MS Billets, Structural Rounds","Automated loading docks with high-capacity trailer fleets, localized express distribution to project sites, factory dispatch, and over 1,500 retail touchpoints.",
Prime Gold International Limited (Primegold Group),Pradeep Aggarwal (Chairman) / Achin Aggarwal (Director) / Sales Desk,sales@primegoldgroup.com,1800-1212-365,https://www.primegoldgroup.com,42+ Years (Est. 1984),₹48,000 - ₹58,000 per Metric Tonne,"Prime Gold International Limited operates integrated and collaborative steel manufacturing plants across India, including a joint venture with SAIL. The company produces high-strength Primegold Fe 500D and Fe 550D TMT rebars, pre-engineered structural steel profiles, stainless steel pipes, and wire mesh. Its high-ductility TMT rebars comply with strict seismic safety norms for multi-story residential and infrastructure developments.","Pan-India (Northern, Western, Southern, and Central India)","Primegold Fe 500D & Fe 550D TMT Rebars, Structural Beams, Channels, Angles, Stainless Steel Pipes, Hollow Sections, Wire Mesh, Binding Wire","Extensive fleet of flatbed trailers, localized dispatch from state-level hubs, railway wagon transport for bulk orders, and nationwide dealer coverage.",
Radha Smelters Private Limited (Radha TMT),Sunil Saraf (Chairman & MD) / Lokesh Soni (Corporate Sales),sales@radhatmt.com,1800-3000-7500,https://www.radhatmt.com,66+ Years (Est. 1960 / Re-organized 2003),₹49,000 - ₹60,000 per Metric Tonne,"Radha Smelters Private Limited is a leading construction steel producer in South India operating a high-tech rolling mill in Shankarampet, Medak district, Telangana. The company manufactures premium Radha 550D Rhino TMT rebars using primary steel billets and German Thermax quenching technology. Radha TMT is widely recognized for superior ductility, uniform rib design, high thermal resistance, and exceptional earthquake safety.","Southern and Western India (Telangana, Andhra Pradesh, Karnataka, Tamil Nadu, Maharashtra, Goa)","Radha Rhino Fe 550D & Fe 500D TMT Rebars, Structural MS Squares, MS Rounds, MS Flats, Billets","Dedicated fleet of transport trucks providing direct 24-hour job-site delivery across Telangana/AP, regional stocking depots across South India, and dealer dispatch.",
Salasar Techno Engineering Limited (STEL),Alok Kumar (Chairman & MD) / Shashank Agarwal (Joint MD) / Marketing Team,marketing@salasartechno.com,+91-120-6488470,https://salasartechno.com,20+ Years (Est. 2006 / Incorporated 2001),"₹54,000 - ₹72,000 per Metric Tonne (Fabricated & Galvanized Structural Steel)","Salasar Techno Engineering Limited is an infrastructure engineering and heavy structural steel fabrication specialist operating three major manufacturing plants in Hapur, Uttar Pradesh. The company manufactures customized heavy structural steel fabrications, transmission towers, railway electrification (OHE) gantries, telecom monopoles, bridge girders, and pre-engineered steel buildings (PEB).",Pan-India across all infrastructure sectors and global exports to 25+ countries,"Fabricated Structural Heavy Beams, Heavy Columns, Galvanized Angles & Channels, Bridge Girders, Railway Electrification Gantries, Telecom Monopoles, PEB Structures","Specialized heavy-duty hydraulic trailers for oversize structural steel dispatches, multimodal road-rail logistics, direct site delivery for EPC projects, and port-side container shipping for global export.",,,
Prism RMC (A Division of Prism Johnson Limited),Commercial Sales & Dispatch Desk / Vijay Aggarwal (Managing Director),connect@rmcindia.com,+91-22-69547300,https://www.rmcindia.com,28+ Years (Est. 1996),"₹3,700 - ₹5,800 per Cubic Meter (m³)","Prism RMC is one of India's top three ready-mix concrete manufacturers, operating a vast network of automated batching plants across major industrial corridors and urban centers. It produces high-performance, self-compacting, temperature-controlled, and environmentally friendly concrete solutions under brands like MegaTech and OptiTech. The company serves mega infrastructure, commercial high-rises, and industrial projects with strict quality controls.","Mumbai, Navi Mumbai, Pune, Delhi NCR, Bengaluru, Chennai, Hyderabad, Ahmedabad, Kolkata, Kochi, Surat","M10 to M80 Grade RMC, Self-Compacting Concrete (SCC), Fiber Reinforced Concrete (FRC), High-Early-Strength Concrete, Pervious Concrete, Temperature-Controlled Concrete","Fleet of 500+ transit mixers, stationary and truck-mounted boom placers (24m to 42m), computerized mobile batching plants, on-site dedicated plant setup",,,
UltraTech Concrete (UltraTech Cement Ltd),Central Commercial Operations / Technical Services Desk,ultratech.concrete@adityabirla.com,1800 210 3311,https://www.ultratechcement.com,26+ Years (Est. 1998),"₹3,900 - ₹6,200 per Cubic Meter (m³)","UltraTech Concrete is the largest ready-mix concrete producer in India with over 200 state-of-the-art automated batching plants. The division specializes in value-added concrete products including UltraTech Plus, Freeflow, Hypercon, and DuraCon for high-performance applications. It caters to critical infrastructure including metro systems, airports, high-speed rail, and residential towers nationwide.","Pan-India (Mumbai, Delhi NCR, Bengaluru, Hyderabad, Chennai, Kolkata, Ahmedabad, Pune, Lucknow, Chandigarh, Kochi)","M10 to M100 High-Performance RMC, Self-Compacting Concrete, Waterproof Concrete, Fiber Reinforced Concrete, Thermal Insulated Concrete, Stamped & Decorative Concrete","GPS-enabled transit mixer fleet (1,000+ units), high-reach boom pumps (36m-52m), stationary concrete pumps, dedicated on-site captive batching plants",,,
ACC Concrete (ACC Limited - Adani Group),Customer Support & Institutional Sales Desk,acchelp@acclimited.com,1800 103 3444,https://www.acchelp.in,30+ Years (Est. 1994),"₹3,800 - ₹5,900 per Cubic Meter (m³)","ACC Concrete is a pioneering brand in India's ready-mix sector, running over 90 modern RMC plants equipped with fully automated computerized batching technology. It is recognized for innovative engineered concrete solutions such as ACC Flowcrete, ACC Speedcrete, and ACC Imprintcrete. The company supplies high-precision mixes to landmark national infrastructure, bridges, and commercial developments.","Mumbai, Pune, Delhi NCR, Bengaluru, Kolkata, Chennai, Hyderabad, Nagpur, Ahmedabad, Indore, Goa","M15 to M80 Concrete, High Early Strength Speedcrete, Self-Compacting Flowcrete, Colored Concrete, Pervious Concrete, Mass Pour Concrete","Extensive transit mixer fleet with automated telematics, mobile batching units (30-60 m³/hr), high-capacity line pumps, boom placers",,,
RDC Concrete (India) Pvt Ltd,Regional Dispatch Officer / Corporate Sales Desk,info@rdc.in,+91-22-67896789,https://www.rdc.in,33+ Years (Est. 1993),"₹3,600 - ₹5,600 per Cubic Meter (m³)","Established in 1993, RDC Concrete is India's largest non-cement manufacturer ready-mix concrete producer with a network exceeding 140 RMC plants nationwide. It specializes in tailored mix designs, high-durability infrastructure concrete, and special green concrete mixes. RDC operates both commercial and dedicated project plants across major metro regions and industrial corridors.","Pan-India (Delhi NCR, Mumbai, Thane, Pune, Bengaluru, Chennai, Hyderabad, Kolkata, Ahmedabad, Surat, Jaipur, Kochi, Bhopal, Bhubaneswar)","M10 to M75 Grade RMC, Low Carbon Concrete, Self-Consolidating Concrete, Steel & Synthetic Fiber Reinforced Concrete, Pavement Quality Concrete (PQC)","Over 600 GPS-tracked transit mixers, heavy-duty concrete boom pumps, trailer pumps, fast-deployable mobile batching plants (60 m³/hr)",,,
Godrej & Boyce Construction Division (Godrej TUFF),Commercial Sales & Technical Desk (Godrej TUFF),construction@godrej.com,1800 209 5511,https://www.godrejconstruction.in,28+ Years (Est. 1996),"₹4,000 - ₹6,500 per Cubic Meter (m³)","Godrej Construction, a division of Godrej & Boyce Mfg. Co. Ltd., produces advanced engineered ready-mix concrete and precast concrete elements under the Godrej TUFF brand. The company emphasizes sustainable construction through recycled aggregate concrete, pervious concrete, and high-performance precast products. Its plants are ISO-certified and supply prestigious commercial, residential, and infrastructure builders.","Mumbai Metropolitan Region (MMR), Pune, Navi Mumbai, Thane, Western Maharashtra industrial belt","Godrej Base TUFF (Dry Lean Concrete), Godrej Rheo TUFF (SCC), Godrej Poro TUFF (Pervious Concrete), Godrej Xtra TUFF (High Strength M60-M80), Precast Concrete Blocks, Pavers, Precast Wall Panels","Dedicated transit mixer fleet, mobile batching plants, trailer pumps, crane-assisted precast transport and placement logistics",,,
Aparna Enterprises Limited (Aparna RMC),Commercial Head / Sales Coordination Desk,info@aparnarmc.com,+91-40-23351871,https://www.aparnarmc.com,18+ Years (Est. 2006),"₹3,750 - ₹5,700 per Cubic Meter (m³)","Aparna RMC, a flagship vertical of Aparna Enterprises Limited, operates high-capacity automated batching plants across South and Western India. It is certified under RMCPCS (QCI) and produces standard, high-strength, and customized concrete for residential, commercial, and infra projects. The company incorporates automated weigh-batching and computerized testing for superior mix consistency.","Hyderabad, Bengaluru, Visakhapatnam, Vijayawada, Amaravati, Chennai, Guntur, Rajahmundry, Pune","M10 to M70 Grade RMC, Self-Compacting Concrete, High Early Strength Concrete, Shotcrete Mixes, Retarded Concrete, Dry Lean Concrete (DLC)","Fleet of 250+ transit mixers, stationary concrete pumps, 32m to 42m boom placers, on-site captive batching plant installations",,,
B.G. Shirke Construction Technology Pvt Ltd (BGSCT Precast),Commercial Director / Precast Division Manager,bgsct@shirke.com,+91-20-26830501,https://www.shirkegroup.com,52+ Years (Est. 1972),"₹4,200 - ₹6,800 per Cubic Meter (m³) / ₹450 - ₹950 per sq. ft. (Precast)","B.G. Shirke Construction Technology is India's pioneer in industrialized 3D precast concrete building systems and mass housing technology. Operating massive automated precast casting yards across India, the company manufactures precast columns, beams, hollow-core slabs, and monolithic wall panels. It has executed millions of square feet of mass residential townships, government projects, and industrial complexes.","Mumbai, Pune, Navi Mumbai, Delhi NCR, Bengaluru, Hyderabad, Chennai, Ahmedabad","3D Precast Monolithic Wall Panels, Precast RCC Columns and Beams, Hollow Core Slabs, Staircase Units, High-Strength Structural RMC (M30-M80)","Heavy-duty multi-axle trailers, hydraulic crawler and mobile cranes (50T to 250T) for precast erection, automated central casting yards, batching plants",,,
Concrete India RMC,Operations Manager / Dispatch Coordinator,contact@concreteindiarmc.com,+91-9900994466,https://www.concreteindiarmc.com,16+ Years (Est. 2008),"₹3,600 - ₹5,400 per Cubic Meter (m³)",Concrete India RMC operates modern automated wet-mix batching plants providing high-precision ready-mix concrete solutions for real estate and civil infrastructure. The firm emphasizes strict quality testing with in-house NABL-aligned laboratory setups for raw materials and compressive strength verification. It supplies custom mix designs tailored to client curing and slump requirements.,"Bengaluru Urban, Bengaluru Rural, Hosur Corridor, Mysuru, Ramanagara","M15 to M60 Grade RMC, Micro-silica Concrete, Retarded & Accelerated Mixes, Polymer Modified Concrete, Screed Concrete","40+ dedicated transit mixers (6m³ to 8m³ capacity), truck-mounted boom pumps (32m), line pumps, high-pressure pipeline delivery",,,
Fuji Silvertech Concrete Pvt Ltd,Head - Infrastructure Sales & Business Development,info@fujisilvertech.com,+91-79-40210000,https://www.fujisilvertech.com,18+ Years (Est. 2006),₹6,500 - ₹12,000 per metric ton / precast unit equivalent,"Fuji Silvertech is India's leading precast concrete solutions provider, established as an Indo-Japanese joint venture combining Japanese manufacturing precision with Indian civil engineering. Operating mega automated precast manufacturing plants in Gujarat and Maharashtra, the company engineers precast drains, box culverts, retaining walls, and utility tunnels. It serves major high-speed rail, smart city, highway, and industrial corridor infrastructure.","Ahmedabad, Surat, Vadodara, Mumbai, Pune, Delhi NCR, Indore, Bengaluru, Chennai","Precast U-Drains, Precast Box Culverts, Retaining Walls, Precast Boundary Walls, Cable Trenches, Precast Manholes, Ultra-High Durability Precast Concrete","Specialized low-bed and multi-axle trailers, factory gantry cranes, high-capacity mobile cranes for on-site placement, customized lifting gear",
KJS Concrete Pvt Ltd,Commercial Sales Head / Dispatch Desk,binjay@kjsconcrete.com,+91-7838268702,https://www.kjsconcrete.com,15+ Years (Est. 2011),"₹3,500 - ₹5,400 per Cubic Meter (m³) / ₹35 - ₹85 per sq. ft. (Precast)","KJS Concrete Pvt Ltd is a premier manufacturer of high-grade ready-mix concrete and specialized precast concrete products based in Northern India. The firm operates advanced computerized batching facilities adhering strictly to Bureau of Indian Standards (BIS) specifications. It supplies major highway developers, industrial warehouses, and urban civic infrastructure with high-strength structural mixes.","Delhi NCR (Noida, Greater Noida, Ghaziabad, Gurugram, Faridabad), Meerut, Western Uttar Pradesh, Haryana","M10 to M60 Grade RMC, Precast Kerb Stones, Precast Paver Blocks, Precast Drains, Heavy Duty Precast Slabs, Lean Concrete","Modern fleet of transit mixers, mobile concrete pumps, heavy transport trailers, hydraulic unloader trucks",,,
Precast India Infrastructures Pvt Ltd,Technical Director / Commercial Head,shaileshshirke@precastindia.co.in,+91-7767010220,https://www.precastindia.co.in,16+ Years (Est. 2010),₹550 - ₹1,100 per sq. ft. of precast built-up area,"Precast India Infrastructures operates one of India's largest and most technologically advanced precast manufacturing facilities near Pune, built in technical collaboration with European pioneers. The company provides total turnkey precast building solutions including hollow-core slabs, precast columns, prestressed beams, and insulated precast wall panels. It executes mega IT parks, retail malls, high-rise buildings, and industrial plants.","Pune, Mumbai, Navi Mumbai, Thane, Kolhapur, Aurangabad, Bengaluru, Hyderabad","Prestressed Precast Beams, Precast Multi-Story Columns, Hollow-Core Slabs (up to 16m span), Precast Facade & Insulated Wall Panels, Precast Staircases","Heavy specialized flatbed transport trailers, on-site heavy erection cranes (70T-150T), in-house BIM engineering and erection crews",,
Teemage Precast Infras (Teemage Builders Pvt Ltd),Commercial Sales & Procurement Desk,sales@teemageprecast.in,+91-8220455555,https://www.teemageprecast.in,15+ Years (Est. 2011),₹500 - ₹950 per sq. ft. of precast structure,"Teemage Precast Infras is South India's premier precast engineering company, operating automated precast production facilities in Tamil Nadu with state-of-the-art European machinery. The company specializes in prestressed hollow core slabs, solid walls, structural columns, and precast civil components. It delivers end-to-end design, manufacture, transport, and structural installation for industrial, institutional, and residential buildings.","Chennai, Coimbatore, Tiruppur, Bengaluru, Kochi, Madurai, Salem, Hyderabad","Prestressed Hollow Core Slabs, Precast Prestressed Beams, Precast Shear Walls, Precast Columns, Precast Boundary Walls, Industrial Slabs","Custom-built heavy logistics fleet, hydraulic transport trailers, heavy mobile cranes (50T to 100T), certified installation and alignment teams",,,
Magicrete Building Solutions Pvt Ltd,National Sales Head / Technical Support,info@magicrete.in,8070408010,https://www.magicrete.in,18+ Years (Est. 2008),"₹2,800 - ₹4,200 per Cubic Meter (m³) (AAC / Precast Panels)","Magicrete Building Solutions is one of India's largest manufacturers of AAC blocks, precast concrete wall panels, and dry-mix construction solutions. Pioneering modular construction technology, Magicrete provides precast 3D volumetric modular building systems and precast structural elements. Its automated plants in Gujarat, Haryana, and Maharashtra support green building certifications for tier-1 developers nationwide.","Mumbai, Delhi NCR, Surat, Ahmedabad, Pune, Bengaluru, Jaipur, Lucknow, Indore, Hyderabad","Autoclaved Aerated Concrete (AAC) Blocks, Reinforced Precast AAC Wall Panels (MagicPanel), Precast Boundary Walls, Dry Mix Mortar, Block Jointing Adhesives","Nationwide multi-truck logistics network, dedicated container shipping, crane-mounted delivery trucks for palletized precast panels",,,
Jaycee Punching Solution Pvt Ltd (Jaycee Infratech),Commercial Operations & Projects Lead,info@jayceepunching.com,+91-11-26848800,https://www.jayceepunching.com,8+ Years (Est. 2018),₹350 - ₹750 per running meter / sq. ft. (Precast Wall & Panels),"Jaycee Punching Solution (Precast Division) specializes in high-durability precast boundary wall systems, precast concrete slabs, and modular structural components. Utilizing precision steel molds and high-strength concrete mixes, the company delivers rapid-installation fencing and structural solutions. It caters to industrial parks, solar power farms, real estate boundary fencing, and highway right-of-way demarcation.","Delhi NCR, Ludhiana, Chandigarh, Panipat, Jaipur, Agra, Western Uttar Pradesh, Punjab, Haryana","Precast RCC Compound Walls, Precast Fencing Posts, Precast Concrete Slabs, Heavy Duty Industrial Paving Slabs, Modular Precast Blocks","Dedicated flatbed logistics fleet, trailer transport, crane-assisted unloading and erection crews for fast linear installation",,,
Renaissance Precast (Renaissance Infratech),Commercial Director / Sales Desk,contact@renaissanceinfratech.com,+91-22-68551200,https://www.renaissanceinfratech.com,12+ Years (Est. 2014),₹450 - ₹900 per sq. ft. (Architectural & Structural Precast),"Renaissance Precast is a specialized provider of structural and architectural precast concrete components for commercial, residential, and infrastructure applications. The company engineers architectural facade panels, custom precast entryways, decorative moldings, and load-bearing precast elements. Its manufacturing facilities combine advanced casting automation with rigorous surface finishing standards.","Mumbai MMR, Thane, Pune, Navi Mumbai, Ahmedabad, Surat, Nashik","Architectural Precast Facades, Glass Fiber Reinforced Concrete (GFRC) Panels, Precast Cornices & Columns, Precast Structural Wall Panels, Custom Cast Stone Elements","Customized cushioned transport trailers for architectural elements, on-site tower crane rigging, specialized suction-lifter and crane installation equipment",,,
Spancrete India Precast Systems,Systems Engineer / Commercial Sales Manager,info@spancreteindia.com,+91-22-40908800,https://www.spancreteindia.com,14+ Years (Est. 2012),₹480 - ₹880 per sq. ft. (Hollow Core & Precast Slabs),"Spancrete India specializes in prestressed hollow-core slab production technology, long-span precast floor/roofing systems, and precast industrial framing. The company utilizes automated extrusion and slipformer casting machinery to produce ultra-dense, fire-resistant prestressed concrete elements. It supplies large-scale warehouse builders, multi-level car parking structures, and institutional campus developments.","Mumbai, Delhi NCR, Bengaluru, Hyderabad, Chennai, Pune, Ahmedabad, Vadodara","Prestressed Extruded Hollow-Core Slabs (150mm - 400mm depth), Precast Wall Panels, Precast Beam-Column Assemblies, Precast Stadium Risers","Heavy multi-axle extendable flatbed trailers, specialized hydraulic lifting clamps, truck-mounted cranes (40T-80T) for rapid erection",,,
Prayosa Buildmat Pvt Ltd (Buildmat Precast),Technical Sales Head / Project Coordinator,info@prayosabuildmat.com,+91-8047549300,https://www.prayosabuildmat.com,12+ Years (Est. 2014),₹350 - ₹650 per sq. ft. (Precast Walls & Blocks),"Prayosa Buildmat Pvt Ltd (Buildmat Precast) is a leading manufacturer of modular precast compound walls, retaining walls, and precast infrastructure components. The company operates precision automated batching and casting facilities delivering high-strength, weatherproof concrete structures. It serves industrial estates, logistics parks, residential enclaves, and public utility projects across Western India.","Mumbai, Thane, Bhiwandi, Navi Mumbai, Pune, Nashik, Palghar, Gujarat Border Belt","Precast Compound Walls, Precast Retaining Walls, Precast Boundary Fencing, Precast Cable Ducts, Concrete Paving Blocks","Fleet of hydraulic crane-mounted trucks for direct offloading, flatbed trailers, turnkey installation and anchoring crews",,,
Everest Industries Limited (Precast & Boards),Institutional Sales & Technical Specification Lead,info@everestind.com,1800 4191 991,https://www.everestind.com,90+ Years (Est. 1934),₹45 - ₹120 per sq. ft. (Fibre Cement & Precast Composite Panels),"Everest Industries Limited is one of India's most established building solutions conglomerates, manufacturing innovative fibre cement boards, precast composite wall panels, and pre-engineered building systems. The company specializes in rapid drywall systems, precast facade cladding, and heavy-duty industrial partition panels. Its state-of-the-art manufacturing plants across India deliver certified green building solutions for commercial, industrial, and residential projects.","Pan-India (Mumbai, Delhi NCR, Bengaluru, Kolkata, Chennai, Hyderabad, Ahmedabad, Pune, Nashik, Coimbatore)","Precast Fibre Cement Wall Panels, Heavy-Duty Solid Wall Panels (Everest Rapicon Panels), Precast Floor Boards, Designer Facade Cladding, Pre-Engineered Steel Structures","Pan-India distribution network with central warehousing, dedicated container logistics, specialized on-site technical installation support",,,
Sobha Limited (Precast Division),Head of Manufacturing & Precast Operations,precast@sobha.com,+91-80-46464566,https://www.sobha.com,29+ Years (Est. 1995),₹600 - ₹1,200 per sq. ft. (Integrated Precast Systems),"Sobha Limited operates one of the world's largest automated precast concrete manufacturing facilities in Balagere, Bengaluru, spanning over 65,000 m² of factory space. Equipped with state-of-the-art German and Italian carousel plant machinery, Sobha Precast produces full volumetric 3D precast elements, architectural facade walls, and pre-stressed slabs. The plant delivers turnkey superstructure components with German precision standards for residential townships and commercial landmarks.","Bengaluru, Chennai, Hyderabad, Kochi, Pune, Delhi NCR, Coimbatore, Trivandrum","Precast Architectural Solid Wall Panels, Precast Sandwich Insulated Walls, Precast Beams, Precast Columns, Precast Staircases, Prestressed Slabs","Specialized automated in-plant delivery conveyors, multi-axle flatbed tractor-trailers, heavy tower cranes (10T to 20T tip load) on project sites",,
Larsen & Toubro Limited (L&T Construction),Head - Supply Chain & Concrete Operations / Institutional Desk,infodesk@larsentoubro.com,1800 209 4545,https://www.larsentoubro.com,85+ Years (Est. 1938),"₹4,200 - ₹7,000 per Cubic Meter (m³)","L&T Construction, the infrastructure arm of Larsen & Toubro, operates India's largest network of high-capacity captive and commercial RMC batching plants and mechanized precast yards. It engineers specialized ultra-high performance concrete (UHPC), self-compacting concrete, and heavy precast segmental box girders, bridge spans, and metro viaducts. L&T's concrete operations power high-speed rail, nuclear containment, offshore bridges, and smart city mega-projects.","Pan-India (Mumbai, Delhi NCR, Bengaluru, Chennai, Kolkata, Hyderabad, Ahmedabad, Pune, Kochi, Nagpur, Lucknow, Patna)","M20 to M100 High-Performance RMC, Ultra-High Performance Concrete (UHPC), Precast Segmental Box Girders, Precast Pier Caps & U-Girders, Precast Tunnel Segments, High-Durability Marine Concrete","Over 1,200 transit mixers, customized heavy bridge launching gantries, 100T to 500T heavy lift cranes, high-output mobile batching plants (120 m³/hr)",,,
Supreme Infrastructure India Limited,Vice President - Commercial & Infrastructure Contracts,contact@supremeinfra.com,+91-22-61289700,https://www.supremeinfra.com,43+ Years (Est. 1983),"₹3,800 - ₹5,900 per Cubic Meter (m³)","Supreme Infrastructure India Limited is a major EPC and construction material provider running specialized RMC plants and precast casting yards for highways, bridges, and flyovers. The company produces high-strength structural concrete, precast bridge girders, and culverts for government and private infrastructure corridors. It combines automated batching equipment with integrated laboratory testing protocols.","Mumbai, Navi Mumbai, Pune, Delhi NCR, Punjab, Haryana, Rajasthan, Madhya Pradesh","M15 to M70 Grade RMC, Precast I-Girders and T-Girders, Precast Culvert Slabs, Pavement Quality Concrete (PQC), Dry Lean Concrete","150+ transit mixer units, mobile batching plants for linear highway projects, heavy hydraulic mobile cranes (50T-120T), line pumping systems",,,
MECON Limited (Precast & Concrete Infrastructure),General Manager - Civil & Structural Engineering,corporate@meconlimited.co.in,+91-651-2483000,https://www.meconlimited.co.in,65+ Years (Est. 1959),"₹4,000 - ₹6,200 per Cubic Meter (m³)","MECON Limited, a Government of India enterprise under the Ministry of Steel, delivers turnkey engineering, procurement, and construction services including heavy industrial concrete and precast civil works. It designs and supervises high-integrity concrete batching operations for metallurgical plants, defense structures, power stations, and public infrastructure. MECON provides advanced concrete mix design optimization, precast element engineering, and quality assurance.","Pan-India (Ranchi, New Delhi, Kolkata, Mumbai, Bengaluru, Hyderabad, Chennai, Bokaro, Rourkela, Bhilai)","Heavy Industrial Grade RMC (M25 to M80), Refractory & Heat-Resistant Concrete, Heavy Precast Foundations, Cable Trenches & Retaining Walls, High-Density Radiation Shielding Concrete","Large-scale on-site dedicated automated batching setups, heavy transport trailers, industrial gantry and crawler cranes, mobile concrete testing labs",,,
Nuvoco Vistas Corp Ltd (Nuvoco Concrete),Institutional Sales Head / Customer Care Desk,customercare@nuvoco.com,1800 309 4001,https://www.nuvoco.com,25+ Years (Est. 1999),"₹3,700 - ₹6,000 per Cubic Meter (m³)","Nuvoco Vistas Corp Ltd (part of Nirma Group) is the 5th largest cement and ready-mix concrete producer in India, running over 50 commercial RMC plants. It markets specialized concrete solutions under premier brands including Artiste (decorative concrete), Concreto (high performance), InstaMix (packaged wet concrete), and X-Con (structural). Nuvoco serves marquee commercial developments, industrial parks, and smart urban infrastructure.","Mumbai, Pune, Delhi NCR, Kolkata, Bengaluru, Ahmedabad, Jaipur, Patna, Bhubaneswar, Ranchi, Surat","Concreto Agile (Self-Compacting Concrete), Concreto Dura (Durable Concrete), Artiste (Decorative Stamped & Colored Concrete), InstaMix Ready-to-Use Concrete, M10 to M80 Structural RMC","300+ telematics-enabled transit mixers, truck-mounted high-reach boom placers, stationary concrete line pumps, on-site captive batching units",,,
Star Ready Mix Concrete (Star RMC),Managing Partner / Commercial Dispatch Desk,starrmcindia@gmail.com,+91-8045849707,https://www.starrmc.in,10+ Years (Est. 2016),"₹3,500 - ₹5,200 per Cubic Meter (m³)","Star Ready Mix Concrete (Star RMC) operates computerized batching plants providing high-quality ready-mix concrete and aggregates for urban infrastructure and private residential constructions. The company maintains strict testing of aggregates, sand, and cement to ensure optimal water-cement ratio and slump retention. It serves builders, industrial developers, and infrastructure contractors with dependable scheduled pours.","Delhi NCR (Gurugram, Manesar, Faridabad, Sonipat, Noida), Bengaluru Urban, Hosur","M10 to M60 Grade RMC, Fly Ash Blended Concrete, Pumpable Slab Concrete, Column Concrete, Heavy Duty Paving Concrete, Screed Mixes","Fleet of 35+ transit mixers (6m³-7m³), stationary high-pressure trailer pumps, mobile boom placers, on-site batching plants",,,
Max Concrete RMC,Managing Director / Dispatch & Commercial Operations,maxconcretermc@gmail.com,+91-9728477343,https://www.maxconcrete.in,6+ Years (Est. 2020),"₹3,500 - ₹5,100 per Cubic Meter (m³)","Max Concrete operates automated ready-mix concrete batching plants catering to high-speed residential construction, commercial complexes, and road infrastructure. The company focuses on customized mix proportions, consistent compressive strength, and computerized weight-batching. It provides scheduled on-site delivery for structural foundations, slabs, and exterior paving.","Delhi NCR, Panipat, Sonipat, Rohtak, Karnal, Haryana industrial corridor","M10 to M60 RMC Mixes, Retarded Mix Concrete, Waterproofing Concrete, Fiber Concrete, Ready Mixed Plaster and Screed","Fleet of 25+ transit mixers, truck-mounted concrete pumps, trailer pumps, dedicated field technicians for slump and cube testing",,,
Infra.Market (Hella Infra Market Limited),Souvik Sengupta (Founder & CEO) / Institutional Sales Desk,support@infra.market,+91-9606350000,https://infra.market,10+ Years (Est. 2016),Competitive B2B Wholesale / High-volume Institutional Project Rates,"Infra.Market is a leading Indian tech-enabled construction materials procurement platform integrating manufacturing and supply chains across concrete, steel, chemicals, and walling solutions. It operates private-label manufacturing and centralized fulfillment networks supporting mega infrastructure and commercial developments across India. The platform streamlines direct-from-manufacturer procurement with quality control and technology-driven logistics tracking.",Pan-India (Operating across 20+ states with strong fulfillment in Tier 1 and Tier 2 metro corridors),"Ready-Mix Concrete (RMC), TMT Steel, Structural Steel, AAC Blocks, Cement, Construction Chemicals, Aggregates, Precast Concrete","Direct project site delivery via captive RMC fleet, transit mixers, regional warehouse hubs, and automated real-time dispatch tracking",,,
Shankara Building Products Ltd,Sukumar Srinivas (Managing Director) / B2B Commercial Desk,online@shankarabuildpro.com,+91-80-27836955 / +91-9900851111,https://buildpro.store,30+ Years (Est. 1995),Organized Wholesale & Tiered Contractor Trade Pricing,"Shankara Building Products is an organized distributor and retailer of structural steel, pipes, and building materials operating under the Shankara Buildpro brand. The company manages an extensive supply infrastructure combining retail stores, processing facilities, and regional fulfillment hubs. It supplies institutional builders, EPC contractors, and fabricators across diverse structural verticals.","Pan-India with regional presence across Karnataka, Tamil Nadu, Andhra Pradesh, Telangana, Maharashtra, and Kerala","Structural Steel Tubes & Hollow Sections, TMT Bars, Roofing Sheets, GI Pipes, MS Pipes, Cement, Welding Consumables, Fabrication Supplies","Multi-tier warehousing network, dedicated delivery fleet, point-to-point dispatch to construction sites, and Just-In-Time (JIT) replenishment",,,
Moglix Infra & Construction (Mogli Labs India Pvt Ltd),Rahul Garg (Founder & CEO) / Enterprise Procurement Team,care@moglix.com,+91-8448233444,https://business.moglix.com,11+ Years (Est. 2015),Contract-based Bulk Enterprise Pricing & Digital Reverse Auction Rates,"Moglix is a B2B industrial commerce and supply chain solutions platform specializing in MRO, civil construction materials, and structural supply procurement. It delivers digital procurement software integrated with physical distribution for large infrastructure contractors and manufacturing enterprises. Moglix provides supplier consolidation, vendor-managed inventory, and structured trade financing.","Pan-India (Covering 25,000+ pin codes across major industrial and infrastructure clusters)","TMT Rebars, Structural Steel, Cement, Electrical & MEP Infrastructure, Construction Chemicals, Safety Equipment (PPE), Power Tools","Centrally managed fulfillment centers (40+ warehouses), multi-modal freight network, on-site inventory management, and digital tracking",,,
OfBusiness (OFB Tech Private Limited),Asish Mohapatra (Co-Founder & CEO) / Bulk Steel & Infra Desk,compliance@ofbusiness.in,+91-11-41054262,https://www.ofbusiness.com,11+ Years (Est. 2015),Aggregated Mill-Direct Wholesale Pricing with Working Capital Credit Integration,"OfBusiness is a technology-enabled B2B raw materials procurement platform specializing in bulk commodities for manufacturing and infrastructure SMEs. The platform aggregates structural steel, industrial metals, cement, and petrochemicals directly from primary producers at volume pricing. Combined with integrated credit solutions via Oxyzo, it supports infrastructure contractors in maintaining uninterrupted material flows.","Pan-India (Active across 30+ industrial clusters including NCR, Gujarat, Maharashtra, Odisha, and South India)","Primary & Secondary TMT Steel, Structural Beams & Angles, Hot Rolled (HR) / Cold Rolled (CR) Coils, Cement, Bitumen, Polymers","Direct mill-to-site rakes, primary yard dispatch, multi-axle logistics coordination, and real-time delivery lifecycle tracking",,,
Hippo Stores (Hippo Stores Technology Private Limited),Amit Agarwal (Managing Director) / Institutional Sales Lead,support@hippostores.com,+91-9905952847,https://www.hippostores.in,5+ Years (Est. 2021),Transparent Wholesale Depot Pricing with Tiered Contractor Rebates,"Hippo Stores is an omni-channel building material superstore format backed by Dalmia Bharat group promoters, catering directly to builders, contractors, and architects. It features wholesale fulfillment yards holding over 30,000 SKUs across structural, interior, and MEP building categories under one roof. The platform combines physical wholesale stores with digital procurement for streamlined site logistics.","Delhi-NCR, Western Uttar Pradesh, Haryana, and expanding across North and East Indian urban centers","Cement, TMT Steel, AAC Blocks, Ready-Mix Mortars, Waterproofing & Admixtures, Plumbing Systems, Structural Panels, Electricals","Centralized mega-warehouse dispatch, dedicated high-capacity transport fleet, direct-to-site scheduled drop-offs, and batch loading",,,
MaterialTree (MaterialTree E-Services Pvt Ltd),Senthil Sagayaraj (Co-Founder) / Commercial Sales Desk,contact@materialtree.com,+91-80-43893277,https://www.materialtree.com,12+ Years (Est. 2014),Volume-discounted Online B2B Rates & Transparent Spot Market Pricing,"MaterialTree is an online building materials marketplace focused on simplifying construction supply procurement for contractors, developers, and individual homebuilders. It features material quantity calculators, comparative multi-brand bidding, and consolidated sourcing for foundational construction inputs. The platform connects Tier-1 manufacturers with urban project sites through transparent digital workflows.","South India (Primary coverage in Bengaluru, Chennai, Hyderabad, and Tier 2 hubs across Karnataka & Tamil Nadu)","TMT Steel Bars (Fe 500D / 550D), OPC & PPC Cement, AAC Blocks, Fine & Coarse Aggregates, Ready-Mix Mortar, Bricks","Direct-from-plant multi-tonnage truck dispatches, local yard distribution, and scheduled site-level unloading",,,
BuildNext B2B (BuildNext Construction Solutions Pvt Ltd),Gopi Krishnan (Co-Founder & CEO) / Supply Chain Operations,support@buildnext.in,+91-9061011116,https://buildnext.in,11+ Years (Est. 2015),Standardized B2B Project Rates with Integrated Bill of Quantities (BOQ) Costing,"BuildNext is a tech-enabled construction solutions and procurement platform driven by proprietary design and supply chain ERP technology. It operates virtual and physical Experience Centers supported by vendor networks that furnish builders with tested structural and finishing building components. BuildNext's algorithms optimize material forecasting, procurement timelines, and structural reliability.","South and Central India (Kerala, Karnataka, Telangana, Tamil Nadu, Andhra Pradesh, and Madhya Pradesh)","Structural Steel, Cement, AAC Blocks, Engineered Wood, Specialized Waterproofing, Electrical Conduits, Piping Systems","Centralized regional warehouse hubs, customized JIT site deliveries, and app-monitored supply tracking",,,
Brick&Bolt Procurement (Pluckwalk Technologies Pvt Ltd),Jayesh Rajpurohit (Co-Founder & CEO) / Procurement & Commercial Desk,support@bricknbolt.com,+91-7505205205,https://www.bricknbolt.com,8+ Years (Est. 2018),Milestone-linked Bulk Contract Rates with Price-Lock Protection,"Brick&Bolt is a tech-driven construction and material management ecosystem utilizing computer vision and automated project tracking to streamline workflows. Its central procurement division negotiates bulk supply contracts with major steel, cement, and structural manufacturers to support thousands of active residential and commercial sites. The company mitigates supply unpredictability using automated escrows and stage-gated deliveries.","Pan-India Metro Coverage (Bengaluru, Hyderabad, Chennai, Mumbai, Pune, Delhi-NCR, Jaipur, and Mysuru)","Fe 550D TMT Steel, OPC/PPC Cement, River Sand & M-Sand, Solid Concrete Blocks, Waterproofing Admixtures, Structural Steel","Milestone-synchronized fleet dispatch, stage-wise site fulfillment, quality-audited yard logistics, and direct site delivery",,,
Power2SME (Power2SME Private Limited),R. Narayan (Founder & CEO) / Raw Material Buying Desk,compliance@power2sme.com,+91-124-4412666,https://www.power2sme.com,14+ Years (Est. 2012),Consortium-based Group Buying Wholesale Pricing with Credit Support,"Power2SME functions as a digital buying club for small and medium enterprises, aggregating raw material demand across construction, infrastructure, and manufacturing players. By pooling orders, it secures direct tier-1 manufacturer pricing from steel mills and cement conglomerates for mid-sized buyers. The company supports clients with structured procurement financing and automated order tracking.","Pan-India (Major hubs across Delhi-NCR, Maharashtra, Gujarat, Tamil Nadu, West Bengal, and Rajasthan)","TMT Rebars, Structural Steel Sections (Beams, Channels, Angles), HR/CR Coils, Industrial Cement, Polymers, Industrial Chemicals","Direct plant-to-project freight coordination, multi-point hub warehousing, full truckload (FTL) dispatches, and scheduled deliveries",,,
Steel Exchange India Ltd (SEIL),B. Satish Kumar (Chairman & Managing Director) / Commercial Sales Desk,info@seil.co.in,+91-891-2587175 / +91-40-23403725,https://www.seil.co.in,27+ Years (Est. 1999),Integrated Producer Mill-Gate Rates & Bulk Long-Term Supply Contracts,"Steel Exchange India Ltd operates a private integrated steel plant in Andhra Pradesh (producing the Simhadri TMT brand) alongside an extensive steel trading and distribution network. SEIL manufactures high-ductility TMT rebars, billets, structural steel, and wire rods, supplying large infrastructure projects like highways, ports, and industrial corridors. The company maintains an integrated supply chain spanning captive power, sponge iron, billet casting, and automated rolling mills.","Pan-India with regional distribution across Andhra Pradesh, Telangana, Tamil Nadu, Karnataka, and Odisha","Simhadri TMT Rebars (Fe 500D / 550D / CRS), MS Billets, Structural Angles, Channels, Beams, Wire Rods, Sponge Iron","Dedicated rail siding dispatch, multi-axle heavy trailers, direct-to-site bulk delivery, and regional stockyard network",,,
BirlaNu Limited (formerly HIL Limited - CK Birla Group),Akshat Seth (Managing Director & CEO) / Institutional Business Head,cs@hil.in,+91-40-68249000 / 1800-1025-040,https://birlanu.com,75+ Years (Est. 1946),Direct Manufacturer Commercial Scale Pricing & Project-Grade Volume Rates,"BirlaNu Limited (formerly HIL Limited), a flagship enterprise of the CK Birla Group, manufactures green building products, dry construction solutions, and structural roofing materials. Famous for brands such as Charminar, Birla Aerocon, and Birla Hysil, it produces AAC blocks, sandwich panels, thermal insulation, and advanced plumbing systems. The company caters to commercial real estate, high-rise, industrial PEB, and government infrastructure projects.",Pan-India network with 20+ manufacturing plants and distribution reach across 80+ countries,"Birla Aerocon AAC Blocks, Drywall Sandwich Panels, Fiber Cement Roofing Sheets (Charminar), High-Temperature Insulation (Hysil), CPVC/UPVC Pipes","Multi-location plant direct dispatches, centralized distributor hub network, direct project site delivery, and containerized logistics",,,
Everest Industries Limited,Rajesh Joshi (Managing Director & CEO) / Pre-Engineered Steel Division,info@everestind.com,+91-1800-4191-991 / +91-22-67521400,https://www.everestind.com,90+ Years (Est. 1934),Turnkey EPC & Engineered Building Solutions Contracting Pricing,"Everest Industries is a manufacturer of building materials and Pre-Engineered Building (PEB) steel structures in India. It delivers customized pre-engineered steel buildings, fiber cement cladding, acoustic wall solutions, composite ceiling boards, and industrial roofing. Everest provides design, fabrication, supply, and erection capabilities for warehousing, industrial factories, and infrastructure terminals.","Pan-India presence with export footprints across Southeast Asia, the Middle East, and Africa","Pre-Engineered Steel Buildings (PEB), Heavy Structural Steel, Fiber Cement Boards, Heavy Duty Wall Cladding, Roofing Sheets, Drywall Systems","Direct-from-factory modular shipment, heavy vehicle haulage to project sites, synchronized erection logistics, and nationwide dealer network",,,
Saint-Gobain India (Gyproc & Structural Construction Solutions),B. Santhanam (CEO Asia-Pacific and India) / Gyproc Commercial Projects Desk,gyprocindia@saint-gobain.com,+91-1800-103-7897 / +91-22-40212121,https://www.gyproc.in,28+ Years in India (Global Est. 1665 / India Ops 1996),Architectural Specification & Tiered Project-Contractor Wholesale Pricing,"Saint-Gobain India (featuring Gyproc and Saint-Gobain Weber) is a manufacturer and distributor of interior systems, gypsum plasterboards, acoustic ceilings, and construction chemicals. The company delivers drywall partitions, fire-rated ceiling grids, exterior facade glass, and tile/stone fixing mortars for airport terminals, commercial towers, and hospitals. It provides technical specification and on-site engineering advisory.","Pan-India (Depots, technical support centers, and plants in Northern, Western, Southern, and Eastern corridors)","Gyproc Gypsum Boards, Structural G.I. Steel Framing Channels, Gypsum Plasters, Weber Tile Adhesives & Grouts, Waterproofing Mortars, Architectural Glass","Regional distribution centers, shrink-wrapped palletized freight, moisture-controlled transit, and site-unloading support",,,
Astral Limited (Infrastructure & Piping Division),Sandeep Engineer (Chairman & Managing Director) / Infrastructure Projects Desk,co@astralpipes.com,+91-79-66212000,https://www.astralltd.com,30+ Years (Est. 1996),Institutional Project Schedule-of-Rates & B2B Wholesale Pricing,"Astral Limited is a building materials manufacturer specializing in polymer piping systems, infrastructure drainage, water storage tanks, and construction adhesives. Its infrastructure division supplies large-diameter double-wall corrugated (DWC) underground drainage pipes, telecommunication ducting, and industrial chemical conveyance pipelines for smart cities, highways, and residential townships. Astral maintains pan-India manufacturing facilities with standardized testing regimes.","Pan-India (Manufacturing plants located in Gujarat, Maharashtra, Tamil Nadu, Rajasthan, and Uttarakhand)","DWC Underground Drainage Pipes, CPVC / UPVC Structural Pipes, HDPE Infrastructure Pipes, Drainage Chambers, Construction Adhesives & Sealants","Direct-from-plant bulk truckloads, multi-city central stockyards, rapid dispatch fulfillment, and direct project site drop-offs",,,
Tata Steel (Tata Structura & Tata Pravesh Division),T. V. Narendran (CEO & MD,Tata Steel) / Tubes & Structural Solutions Desk,tatastructura@tatasteel.com,+91-1800-108-8282 / +91-1800-4199-200,https://aashiyana.tatasteel.com,118+ Years (Tata Steel Est. 1907 / Tata Structura Est. 2005),Premium Mill-Direct Pricing & Institutional Project Rate Schedules,"Tata Steel's Tubes and Structural Solutions division manufactures Tata Structura (hollow steel sections) and Tata Pravesh (steel doors and windows). Tata Structura structural steel hollow sections (RHS, SHS, CHS) are engineered into airport terminals, stadiums, industrial sheds, and high-rise commercial structures for high load-bearing strength and seismic performance. The brand integrates steel processing with primary distribution networks.","Pan-India and international export destinations across Asia-Pacific, Europe, and the Middle East","Tata Structura Hollow Structural Sections (Rectangular, Square, Circular RHS/SHS/CHS), Tata Pravesh Steel Doors & Windows, Tata Tiscon TMT, Pre-galvanized Tubes","Direct rail rake dispatches from primary mills, regional Tata Steel stockyards, authorized distributor hubs, and direct project site delivery",,
Jindal Mechno Bricks Pvt Ltd,Lakshay Jindal (Director) / Commercial Projects Sales Desk,jmb@jindalbricks.in,+91-7838200620,https://www.jindalbricks.in,50+ Years (Est. 1974),Factory-Direct Wholesale Pricing & Custom Architectural Batch Rates,"Jindal Mechno Bricks is an automated manufacturer of extruded clay bricks, terracotta facade tiles, interlocking pavers, and eco-friendly structural masonry blocks. Utilizing automated manufacturing technology, the company delivers uniform compressive strength, low water absorption, and thermal insulation for real estate developments and institutional projects. Its products are specified by architectural and infrastructure engineering firms.",Pan-India (Manufacturing plants located in Haryana/NCR with multi-state supply coverage),"Machine-Made Extruded Facing Bricks, Terracotta Wall Cladding Tiles, Hollow Clay Blocks, Interlocking Pavers, Brick Pavers, Roof Tiles","Automated palletized packaging, containerized trailer shipping, break-free direct project delivery, and scheduled site logistics",,,
Shreeji Infrastructure India Pvt Ltd,Sanjay Singh Baghel (Director) / Materials & Contracts Desk,contact@shreejiinfra.net,+91-755-2985831 / +91-771-4022430,https://shreejiinfra.net,27+ Years (Est. 1999),EPC Milestone-based Contracting Rates & Wholesale Materials Aggregation,"Shreeji Infrastructure India is an engineering and infrastructure contractor operating road, highway, and civil structural supply operations across Central India. The company manages captive crushing units, asphalt batching plants, and bulk material logistics to supply transport and civil infrastructure corridors. It also provides pre-engineered building and structural material fabrication services for industrial zones.","Central and Western India (Madhya Pradesh, Chhattisgarh, Gujarat, Maharashtra, and Uttar Pradesh)","Aggregates (Grit & Sand), Ready-Mix Bitumen, Structural Steel Sections, Precast Concrete Components, Cement, Sub-base Fill Material","Captive heavy-duty tipper truck fleet, transit mixers, mobile crushing units, and dedicated project-site supply networks",,,
Patel Infrastructure Material Supply (Patel Infrastructure Ltd),Pravinbhai V. Patel (Chairman) / Central Procurement Division,ho@patelinfra.com,+91-265-2776678 / +91-281-2458286,http://patelinfra.com,53+ Years (Est. 1972),Large-Scale EPC Procurement Schedule & Project-Contractor Wholesale Rates,"Patel Infrastructure Limited is an infrastructure development company executing high-speed concrete and highway construction projects. Its dedicated procurement and material logistics wing manages volumes of cement, structural steel, and paving concrete through captive multi-location batching plants. The company executes national highways, expressways, bridges, and commercial structural works across India.","Pan-India (Operations spanning Gujarat, Rajasthan, Maharashtra, Madhya Pradesh, Karnataka, Tamil Nadu, and Punjab)","Pavement Quality Concrete (PQC), Ready-Mix Concrete, High-Tensile TMT Steel, Structural Steel Girders, Bituminous Mixes, Emulsions, Aggregates","Automated high-capacity batching plants, heavy dump-truck fleets, slip-form concrete pavers, and captive on-site supply chain corridors",,,
KNR Constructions Material Division (KNR Constructions Ltd),K. Narasimha Reddy (Managing Director) / Materials Procurement Head,info@knrcl.com,+91-40-40268759,http://www.knrcl.com,31+ Years (Est. 1995),Mega Project Bulk Supply Rates & EPC Framework Costing,"KNR Constructions Limited is an infrastructure project development company executing expressways, irrigation barrages, urban flyovers, and bridge structures. Its centralized procurement and material handling division purchases directly from primary steel and cement manufacturers, deploying high-volume aggregate crushers and automated batching yards across active sites. KNR maintains testing protocols and on-site material management.","Southern, Western, and Central India (Telangana, Andhra Pradesh, Karnataka, Kerala, Tamil Nadu, Maharashtra, and Odisha)","Ready-Mix Concrete (High-grade M40-M60), TMT Rebars, Structural Steel Plates, High-Tensile Strands, Pre-cast Concrete Girders, Graded Aggregates","Captive multi-site RMC plants, computerized transit mixer fleets, heavy-duty material conveyors, and integrated site storage silos",,,
Dilip Buildcon Material Logistics (Dilip Buildcon Ltd),Dilip Suryavanshi (Chairman & MD) / Procurement & Equipment Wing,db@dilipbuildcon.co.in,+91-755-4029999,https://dilipbuildcon.com,39+ Years (Est. 1987),High-Volume Direct-from-Source Institutional Rates,"Dilip Buildcon Limited (DBL) is an EPC infrastructure enterprise that owns and operates a substantial fleet of heavy construction equipment and material logistics carriers. DBL operates an integrated supply network that procures bulk raw materials straight from refineries and steel mills to power its highway, metro, rail, tunnel, and airport projects. The company executes rapid-deployment material storage, batching, and on-site fabrication across active working fronts.","Pan-India Footprint (Active projects across 20+ Indian states with operations in Central, Western, Northern, and Southern corridors)","TMT Steel, Structural Steel, Bulk Industrial Cement, Bitumen & Polymer Modified Bitumen (PMB), Crushed Stone Aggregates, Precast Segments","Proprietary GPS-tracked logistics fleet of over 10,000+ construction machinery units, captive batching plants, and direct express site delivery",,,
Ashoka Buildcon Procurement (Ashoka Buildcon Ltd),Ashok Katariya (Chairman) / Central Procurement & Stores Department,pr108@ashokabuildcon.com,+91-253-6633705,https://www.ashokabuildcon.com,49+ Years (Est. 1976),Enterprise-Grade EPC Wholesale Rates & Framework Agreement Pricing,"Ashoka Buildcon Limited is an infrastructure company active in highway development, power transmission, railways, and smart city infrastructure. Its central procurement wing commands purchasing agreements across primary steel mills, cement plants, and pre-stressed concrete manufacturers. Ashoka Buildcon executes automated quality control protocols and digital tracking systems to feed structural supplies to transport corridors.","Pan-India presence (Operations across Maharashtra, Karnataka, Gujarat, Bihar, West Bengal, and Southern states)","High-Strength TMT Steel, Structural Steel Girders, OPC/PPC Cement, Precast Bridge Segments, Ready-Mix Concrete, Bitumen, Electrical Tower Sections","Centrally managed regional store depots, captive aggregate crushers, dedicated tanker and dump-truck logistics, and JIT site distribution",,,
NCC Limited Procurement Division (NCC Ltd),A. A. V. Ranga Raju (Managing Director) / Corporate Procurement Cell,ho.secr@nccltd.in,+91-40-23268888,https://www.ncclimited.com,36+ Years (Est. 1990),Direct Manufacturer Bulk Master-Contract Rates,"NCC Limited is a multi-disciplinary construction company executing residential townships, commercial complexes, roads, water supply pipelines, and hydro power projects. The corporate procurement division coordinates large-scale purchasing agreements with primary industrial manufacturers to ensure supply reliability and cost efficiency. NCC manages regional warehousing yards and dedicated project supply centers across India.","Pan-India presence with regional administrative hubs in Hyderabad, Mumbai, Delhi, Kolkata, Chennai, Bengaluru, and Ahmedabad","Primary TMT Steel, Structural Steel Plates & Sections, Bulk Cement, Ductile Iron (DI) & HDPE Water Pipes, AAC Blocks, RMC, Scaffolding Systems","Multi-regional supply depots, dedicated transport tie-ups, rail freight coordination, and direct project site delivery",,,
ITD Cementation Supply Division (Cemindia Projects Ltd / ITD Cementation India),Jayanta Basu (Managing Director) / Marine & Structural Materials Desk,krishna.kumar@itdcem.co.in,+91-22-66931600,https://www.cemindia.co.in,95+ Years in India (Est. 1931),Specialized Heavy Civil Project Contracting & Volume Material Pricing,"ITD Cementation India Limited (Cemindia Projects Limited) specializes in heavy civil engineering, maritime structures, underground metro tunneling, foundation engineering, and mass concrete supply. Its procurement division sources specialized structural materials including sulfate-resistant cements, corrosion-resistant steel rebars, and deep foundation chemicals. The company's engineering supply chain supports critical infrastructure like ports and metro systems.","Pan-India Coastal & Metro Belts (Mumbai, Kolkata, Chennai, Delhi-NCR, Visakhapatnam, Kochi, and Gujarat coast)","Corrosion Resistant (CRS) TMT Steel, Micro-Fine & Sulfate Resistant Cement, Bentonite & Piling Chemicals, Precast Tunnel Lining Segments, Heavy Structural Steel","Specialized heavy-lift logistics, barge and marine transit for coastal sites, on-site automated concrete batching plants, and JIT tunneling supplies",,,
Simplex Infrastructures Materials (Simplex Infrastructures Ltd),Rajiv Mundhra (Director) / Materials & Stores Directorate,simplexkolkata@simplexinfra.com,+91-33-23011600,https://www.simplexinfra.com,100+ Years (Est. 1924),Enterprise Bulk Material Procurement & Infrastructure Tiered Rates,"Simplex Infrastructures is an established civil engineering and ground engineering contractor in India, with a century of operations in tall towers, power stations, bridges, and industrial plants. The materials management department oversees procurement of high-grade steel, concrete admixtures, and foundation tooling from certified industrial partners. Simplex deploys on-site quality testing labs and automated storage yards across active sites.","Pan-India (Regional centers in Kolkata, Mumbai, Delhi, and Chennai)","High-Grade TMT Rebars, Structural Steel Plates & Sections, Foundation Casing Pipes, Specialized Concrete Admixtures, Precast Piling Elements","Central plant-and-equipment depots, heavy piling rig transport, high-tonnage multi-axle freight carriers, and dedicated site delivery",,,
NBCC Building Material Procurement (NBCC India Limited),K. P. Mahadevaswamy (Chairman & Managing Director) / Central Procurement Division,cmd@nbccindia.com,+91-11-24367314 / +91-11-43591555,https://www.nbccindia.com,66+ Years (Est. 1960),Central Government PSU Schedule-of-Rates (CPWD DSR) & E-Reverse Auction Pricing,"NBCC (India) Limited is a Navratna Public Sector Enterprise under the Ministry of Housing and Urban Affairs, executing major redevelopment, hospital, institutional campus, and civil structural works across India. Its procurement division operates transparent centralized e-procurement portals for bulk sourcing of TMT steel, cement, structural glass, and green building materials. The organization enforces strict CPWD specifications and Third-Party Quality Inspection (TPQA) regimes.","Pan-India footprint across all states, union territories, and overseas diplomatic infrastructure","TMT Steel (Fe 500D/550D), OPC 43/53 Grade Cement, PPC, Structural Steel Beams & Sections, Fly Ash Bricks, Solar Panels, Architectural Glass","Centralized vendor empaneled supply network, railway siding dispatch, dedicated institutional transport tie-ups, and project site delivery",,,